label,H,n_dates,n_indep,avg_names,ic,ic_med,ic_sd,icir,ic_pos,t_ic_nw,t_ic_non,top_ann,bot_ann,ls_ann,sharpe_top,sharpe_ls,t_top,t_ls,mono,hit_ex,dd_top,dd_ls,skew_ls,dsd_ls,DSR,sr_star,N_trials,turnover,to_ann,net_base,net_conservative,net_stressed,nsharpe_base
b_liq,1,1911,1911,543.780743,0.009993,0.010851,0.092298,0.108273,0.552067,4.734383,4.733144,-0.040532,0.077736,-0.118268,-0.522294,-1.027985,-1.438661,-2.831591,-0.044993,0.461705,-0.32137,-0.656913,0.372415,0.075472,,,,,,,,,
b_liq,2,1910,955,543.464398,0.007785,0.007001,0.090094,0.086406,0.537173,2.67127,2.669437,-0.039612,0.076676,-0.116289,-0.502305,-1.001405,-1.380916,-2.752104,-0.055624,0.463235,-0.3177,-0.650018,0.232676,0.075134,,,,,,,,,
b_liq,3,1909,637,543.153483,0.005578,0.006222,0.089797,0.06212,0.529073,1.567792,1.566521,-0.038583,0.071066,-0.109649,-0.487583,-0.942966,-1.343793,-2.598005,-0.063511,0.463186,-0.320333,-0.636153,0.229946,0.073153,,,,,,,,,
b_liq,5,1907,382,542.556896,0.001853,0.002521,0.089181,0.020774,0.51075,0.405978,0.404603,-0.040595,0.068855,-0.10945,-0.523454,-0.946972,-1.440145,-2.609194,-0.085627,0.461222,-0.319033,-0.63081,0.055818,0.07409,,,,,,,,,
b_liq,10,1902,191,541.133544,-0.00402,-0.009151,0.087685,-0.045845,0.464774,-0.632977,-0.633651,-0.043465,0.05422,-0.097685,-0.569704,-0.841618,-1.567857,-2.315577,-0.119141,0.456603,-0.328235,-0.594449,0.232223,0.069471,,,,,,,,,
b_liq,21,1891,91,538.391327,-0.011071,-0.008476,0.086584,-0.127868,0.461132,-1.215951,-1.215769,-0.038484,0.040599,-0.079082,-0.528563,-0.67833,-1.450142,-1.866315,-0.131824,0.454378,-0.28888,-0.523686,0.026617,0.073084,,,,,,,,,
b_liq,42,1870,45,533.325134,-0.016623,-0.020865,0.087345,-0.190317,0.430481,-1.275031,-1.268656,-0.033964,0.039581,-0.073545,-0.477385,-0.610852,-1.313827,-1.65259,-0.154477,0.439232,-0.261369,-0.512237,0.038787,0.074583,,,,,,,,,
b_liq,63,1849,30,528.711195,-0.018106,-0.021888,0.086404,-0.20955,0.425635,-1.142047,-1.136659,-0.02994,0.040105,-0.070044,-0.405438,-0.566973,-1.053099,-1.495797,-0.165229,0.432601,-0.236692,-0.500907,0.153346,0.079297,,,,,,,,,
b_liq,84,1828,22,525.27954,-0.019574,-0.016272,0.083441,-0.234585,0.415755,-1.103111,-1.075208,-0.028499,0.041465,-0.069965,-0.376338,-0.555883,-0.995062,-1.482819,-0.181533,0.430732,-0.235973,-0.488157,-0.032265,0.086008,,,,,,,,,
b_liq,126,1786,15,518.045913,-0.025531,-0.021829,0.081081,-0.314887,0.395297,-1.200048,-1.208681,-0.026268,0.051625,-0.077893,-0.361313,-0.606419,-0.89857,-1.528843,-0.240456,0.423168,-0.238261,-0.527183,0.074542,0.092597,,,,,,,,,
b_liq,189,1723,10,507.342426,-0.029077,-0.028673,0.073281,-0.396791,0.354034,-1.220923,-1.173654,-0.029981,0.055442,-0.085423,-0.514284,-0.686581,-1.236315,-1.766584,-0.276575,0.406342,-0.235152,-0.518381,-0.24077,0.104979,,,,,,,,,
b_lowvol,1,1911,1911,544.130822,0.035903,0.026721,0.146645,0.244829,0.582418,10.705499,10.702697,-0.038188,-0.061792,0.023604,-0.400891,0.124494,-1.104256,0.34292,-0.039342,0.462603,-0.45805,-0.547362,0.472914,0.112311,,,,,,,,,
b_lowvol,2,1910,955,543.810471,0.033666,0.024936,0.151214,0.222637,0.573822,6.88286,6.878573,-0.039106,-0.054763,0.015657,-0.392545,0.079366,-1.081358,0.217982,-0.038699,0.465597,-0.457869,-0.54749,0.456773,0.115945,,,,,,,,,
b_lowvol,3,1909,637,543.493452,0.033259,0.022579,0.15326,0.217008,0.571503,5.476869,5.474481,-0.0404,-0.052225,0.011825,-0.402521,0.060564,-1.108914,0.164517,-0.046348,0.465026,-0.455794,-0.552896,0.409225,0.113437,,,,,,,,,
b_lowvol,5,1907,382,542.888306,0.033489,0.027149,0.154353,0.216967,0.568956,4.240143,4.235493,-0.041566,-0.051057,0.009492,-0.41697,0.048356,-1.148419,0.133042,-0.039183,0.463782,-0.448451,-0.550248,0.300184,0.113212,,,,,,,,,
b_lowvol,10,1902,191,541.450053,0.033453,0.036038,0.154031,0.217182,0.583596,2.998613,2.989935,-0.04481,-0.053862,0.009052,-0.449364,0.045474,-1.239059,0.126729,-0.034089,0.459196,-0.44121,-0.533972,0.392197,0.116453,,,,,,,,,
b_lowvol,21,1891,91,538.689582,0.033911,0.031004,0.154806,0.219057,0.576943,2.083106,2.07358,-0.043617,-0.05764,0.014023,-0.425758,0.06892,-1.176114,0.188766,-0.043873,0.454729,-0.422378,-0.498035,0.228229,0.120595,,,,,,,,,
b_lowvol,42,1870,45,533.622995,0.034024,0.020837,0.155652,0.218589,0.550267,1.464442,1.44665,-0.040935,-0.055241,0.014306,-0.394884,0.072309,-1.090493,0.196162,-0.045011,0.449719,-0.405145,-0.462782,0.423058,0.102203,,,,,,,,,
b_lowvol,63,1849,30,529.003245,0.035792,0.035176,0.158186,0.226266,0.5841,1.233147,1.207026,-0.043698,-0.055464,0.011766,-0.396849,0.055971,-1.084984,0.154662,-0.041087,0.444829,-0.417601,-0.432468,0.20915,0.118669,,,,,,,,,
b_lowvol,84,1828,22,525.576039,0.036909,0.042922,0.158229,0.233264,0.597374,1.0969,1.095448,-0.044019,-0.047625,0.003607,-0.38354,0.018867,-1.05938,0.046884,-0.047948,0.446294,-0.426531,-0.478144,0.069267,0.120903,,,,,,,,,
b_lowvol,126,1786,15,518.355543,0.036248,0.046799,0.15106,0.239956,0.621501,0.914483,0.912468,-0.047864,-0.020947,-0.026917,-0.391577,-0.122612,-1.084184,-0.34737,-0.085575,0.437251,-0.441669,-0.543755,-0.261702,0.147815,,,,,,,,,
b_lowvol,189,1723,10,507.65119,0.024117,0.035648,0.144362,0.167057,0.602438,0.514033,0.502455,-0.066667,0.011406,-0.078073,-0.490862,-0.34759,-1.3302,-0.931397,-0.152078,0.411061,-0.511129,-0.652596,-0.380196,0.172312,,,,,,,,,
b_mom121,1,1911,1911,535.47619,0.009096,0.010708,0.110283,0.082479,0.540555,3.60653,3.605587,0.06936,-0.098953,0.168313,0.802567,1.110225,2.210676,3.058122,0.053543,0.459315,-0.134153,-0.200964,-0.267068,0.108276,0.302604,0.081914,19.0,0.11928,30.058586,-0.095457,-0.275809,-0.576395,-1.008936
b_mom121,2,1910,955,535.197382,0.0142,0.016131,0.117092,0.12127,0.553927,3.749074,3.746043,0.063207,-0.096175,0.159382,0.719323,0.988788,1.979063,2.723975,0.072664,0.466177,-0.150494,-0.209702,-0.172645,0.114281,0.245769,0.110624,19.0,0.166287,20.952123,-0.031523,-0.157235,-0.366757,-0.312737
b_mom121,3,1909,637,534.91252,0.016668,0.017962,0.120573,0.138241,0.556312,3.488951,3.484335,0.065906,-0.095452,0.161358,0.7606,0.998793,2.095435,2.747853,0.085766,0.469302,-0.149212,-0.199546,-0.094033,0.11129,0.320466,0.127697,19.0,0.200367,16.830837,-0.001353,-0.102338,-0.270647,-0.01323
b_mom121,5,1907,382,534.362349,0.019176,0.021283,0.124299,0.154273,0.566859,3.014929,3.009171,0.070467,-0.094206,0.164674,0.816294,1.006671,2.252898,2.771271,0.093617,0.469055,-0.143702,-0.206939,-0.083137,0.111303,0.372933,0.158697,19.0,0.252208,12.711289,0.031368,-0.0449,-0.172013,0.313176
b_mom121,10,1902,191,533.034175,0.022504,0.022288,0.127518,0.176476,0.573081,2.436589,2.436173,0.077325,-0.092419,0.169744,0.934223,1.040789,2.561381,2.860098,0.114616,0.471628,-0.126479,-0.194972,-0.037235,0.108103,0.514647,0.20459,19.0,0.343816,8.664172,0.062565,0.01058,-0.076062,0.637123
b_mom121,21,1891,91,530.386039,0.027744,0.027077,0.128993,0.21508,0.597039,2.045283,2.038469,0.062476,-0.088418,0.150894,0.725256,0.920425,1.982844,2.485371,0.146099,0.472273,-0.131198,-0.195825,-0.101001,0.107226,0.533992,0.256297,19.0,0.47768,5.732162,0.072613,0.03822,-0.019102,0.757335
b_mom121,42,1870,45,525.432086,0.038178,0.034008,0.124157,0.307499,0.608556,2.060091,2.037075,0.071269,-0.096978,0.168247,0.757599,1.03566,2.086137,2.855006,0.193667,0.474714,-0.12281,-0.166415,0.030968,0.092111,0.631329,0.369472,19.0,0.642747,3.856483,0.096701,0.073563,0.034998,1.005683
b_mom121,63,1849,30,520.859924,0.047699,0.044543,0.12363,0.385819,0.665765,2.102708,2.078316,0.078124,-0.098964,0.177088,0.785832,1.069557,2.164039,2.914832,0.227461,0.477689,-0.107813,-0.159476,0.007299,0.091372,0.680175,0.439828,19.0,0.744875,2.979502,0.113947,0.09607,0.066275,1.174431
b_mom121,84,1828,22,517.323304,0.061065,0.058252,0.130802,0.466848,0.701313,2.1953,2.242276,0.08436,-0.100706,0.185067,0.847103,1.13533,2.29116,2.988564,0.273616,0.484714,-0.089694,-0.157466,-0.066508,0.090965,0.715271,0.510885,19.0,0.817989,2.453968,0.108683,0.093959,0.069419,1.096171
b_mom121,126,1786,15,510.244681,0.081605,0.085521,0.137726,0.592516,0.776596,2.258108,2.208185,0.088242,-0.104298,0.192541,0.890689,1.095443,2.383384,2.88756,0.370803,0.485094,-0.090174,-0.169416,-0.505037,0.122646,0.628608,0.648318,19.0,0.889744,1.779487,0.117416,0.106739,0.088944,1.135198
b_mom121,189,1723,10,499.737086,0.087772,0.100394,0.12776,0.687002,0.788741,2.113897,2.23664,0.098979,-0.088817,0.187796,0.971179,1.091008,2.5449,2.771511,0.403247,0.479307,-0.056326,-0.12193,-0.29655,0.111516,0.616443,0.80379,18.0,0.903704,1.204938,0.116157,0.108928,0.096878,1.04101
b_prox52,1,1911,1911,540.943485,0.022857,0.021537,0.120903,0.189052,0.590267,8.266589,8.264426,0.027552,-0.096431,0.123983,0.335094,0.748988,0.923019,2.063093,0.037591,0.464156,-0.230712,-0.425131,-0.021595,0.117717,0.064933,0.081914,19.0,0.266086,67.05377,-0.447953,-0.850276,-1.520814,-4.505572
b_prox52,2,1910,955,540.65445,0.027067,0.026911,0.132067,0.204951,0.599476,6.336093,6.336018,0.034221,-0.093509,0.12773,0.394875,0.70167,1.085729,1.932917,0.057947,0.472018,-0.199441,-0.412184,0.043611,0.129086,0.068878,0.110624,19.0,0.326415,41.128302,-0.244282,-0.491052,-0.902335,-2.238858
b_prox52,3,1909,637,540.367208,0.029264,0.034135,0.138612,0.211124,0.608696,5.328367,5.324472,0.039236,-0.089905,0.129141,0.436495,0.676759,1.210372,1.86486,0.073905,0.475363,-0.178688,-0.39566,-0.096973,0.138036,0.088831,0.127697,19.0,0.363142,30.503962,-0.164436,-0.34746,-0.6525,-1.449747
b_prox52,5,1907,382,539.8086,0.031646,0.038644,0.145946,0.216834,0.609334,4.237542,4.231205,0.044275,-0.091396,0.135671,0.478892,0.673368,1.316429,1.854605,0.091894,0.472527,-0.16938,-0.353014,-0.251582,0.15061,0.110487,0.158697,19.0,0.412856,20.807944,-0.084375,-0.209222,-0.417302,-0.711563
b_prox52,10,1902,191,538.443743,0.035189,0.042332,0.15318,0.229723,0.633544,3.171766,3.162474,0.031958,-0.088992,0.12095,0.349612,0.583045,0.961117,1.606497,0.11236,0.471665,-0.160384,-0.340232,-0.376727,0.16288,0.118842,0.20459,19.0,0.485429,12.232811,-0.019277,-0.092673,-0.215001,-0.159455
b_prox52,21,1891,91,535.72184,0.042824,0.049315,0.156121,0.274299,0.636171,2.608425,2.597408,0.027928,-0.093181,0.121109,0.320677,0.589949,0.871864,1.604594,0.148682,0.472339,-0.164535,-0.350428,-0.646351,0.169494,0.223816,0.256297,19.0,0.57913,6.949561,0.029822,-0.011875,-0.081371,0.244997
b_prox52,42,1870,45,530.664171,0.053816,0.058851,0.149829,0.35918,0.677005,2.40633,2.380536,0.029519,-0.102785,0.132304,0.329674,0.704131,0.910018,1.919997,0.176879,0.471163,-0.146694,-0.274705,-0.397149,0.142716,0.310431,0.369472,19.0,0.664215,3.985289,0.059749,0.035838,-0.004015,0.543242
b_prox52,63,1849,30,526.048675,0.061197,0.067419,0.148336,0.412555,0.706328,2.248421,2.203147,0.031321,-0.102275,0.133596,0.341352,0.701261,0.927084,1.900404,0.201357,0.472362,-0.148697,-0.267249,-0.24785,0.138269,0.331707,0.439828,19.0,0.725647,2.902586,0.064143,0.046727,0.017701,0.60313
b_prox52,84,1828,22,522.589168,0.070926,0.072703,0.146562,0.483931,0.736871,2.275634,2.243308,0.031072,-0.097745,0.128817,0.324456,0.673396,0.885605,1.827225,0.224673,0.473762,-0.1526,-0.281017,-0.292932,0.132675,0.310142,0.510885,19.0,0.768611,2.305833,0.071422,0.057587,0.034529,0.648172
b_prox52,126,1786,15,515.329787,0.082799,0.080141,0.148522,0.557482,0.756999,2.12459,2.100853,0.032313,-0.082717,0.11503,0.351226,0.660843,0.918645,1.713589,0.253405,0.478444,-0.16455,-0.230568,-0.225088,0.116758,0.278648,0.648318,19.0,0.823001,1.646001,0.068324,0.058448,0.041988,0.664863
b_prox52,189,1723,10,504.655252,0.084451,0.085414,0.141029,0.59882,0.840975,1.842562,1.793234,0.030462,-0.059508,0.08997,0.337924,0.522324,0.713424,1.200487,0.288816,0.471002,-0.187396,-0.271301,-1.395872,0.170946,0.239237,0.80379,18.0,0.890625,1.1875,0.056821,0.049696,0.037821,0.564818
b_rand,1,1911,1911,544.130822,-0.000292,-0.00056,0.045477,-0.006423,0.494505,-0.28087,-0.280797,-0.020433,-0.01851,-0.001923,-0.391055,-0.023738,-1.077162,-0.065387,0.002331,0.44715,-0.216815,-0.225492,-0.306793,0.056228,0.000133,0.081914,19.0,0.915851,230.794398,-1.829933,-3.214699,-5.522643,-30.414279
b_rand,2,1910,955,543.810471,0.001876,0.002062,0.045905,0.040874,0.519895,1.263636,1.257515,0.003123,-0.012146,0.01527,0.058715,0.188043,0.161737,0.516858,0.006048,0.454638,-0.120802,-0.168443,-0.177184,0.054472,0.001899,0.110624,19.0,0.916038,115.420755,-0.908376,-1.6009,-2.755108,-15.242917
b_rand,3,1909,637,543.493452,0.002437,0.000927,0.04704,0.051803,0.511262,1.307412,1.293445,0.013001,-0.007786,0.020787,0.240041,0.246969,0.678018,0.700043,0.013363,0.454733,-0.120155,-0.163697,-0.116077,0.055689,0.005642,0.127697,19.0,0.915098,76.8682,-0.602259,-1.063469,-1.832151,-9.976457
b_rand,5,1907,382,542.888306,0.002132,0.00147,0.047398,0.044975,0.511274,0.878931,0.86723,0.009109,-0.003727,0.012836,0.171305,0.154978,0.474386,0.43167,0.015144,0.452916,-0.142834,-0.210106,-0.038101,0.053702,0.003834,0.158697,19.0,0.917456,46.2398,-0.35647,-0.633909,-1.096307,-5.960622
b_rand,10,1902,191,541.450053,0.001774,0.001942,0.047521,0.037325,0.515247,0.515346,0.529422,0.013393,-0.002463,0.015856,0.242795,0.197704,0.676829,0.54974,0.010197,0.454539,-0.126416,-0.189241,0.021748,0.051045,0.011581,0.20459,19.0,0.917364,23.117568,-0.174328,-0.313034,-0.544209,-2.987214
b_rand,21,1891,91,538.689582,-0.000885,-0.001248,0.048025,-0.018424,0.48863,-0.175204,-0.186062,0.001212,-0.003471,0.004682,0.024359,0.049849,0.061132,0.159233,-0.002471,0.449142,-0.145066,-0.21595,-0.053574,0.052746,0.011273,0.256297,19.0,0.920468,11.045621,-0.090273,-0.156547,-0.267003,-1.619814
b_rand,42,1870,45,533.622995,-0.000232,-0.001021,0.04644,-0.005001,0.486631,-0.033501,-0.05393,0.004837,-0.002412,0.007248,0.09089,0.078047,0.234655,0.240864,-0.00376,0.448792,-0.129756,-0.201863,0.106553,0.050594,0.013323,0.369472,19.0,0.917658,5.505946,-0.039057,-0.072093,-0.127152,-0.686626
b_rand,63,1849,30,529.003245,-0.000197,8.7e-05,0.046044,-0.004283,0.500811,-0.02334,-0.055845,0.003203,-0.001042,0.004245,0.050397,0.040888,0.1497,0.133719,-0.002304,0.441722,-0.131099,-0.2023,0.181076,0.051637,0.013112,0.439828,19.0,0.921425,3.685701,-0.025541,-0.047655,-0.084512,-0.407295
b_rand,84,1828,22,525.576039,0.00033,-0.000279,0.046575,0.007088,0.496171,0.033329,0.017459,0.003647,-0.000302,0.00395,0.065587,0.043224,0.169853,0.121548,0.004754,0.438612,-0.133065,-0.200448,0.068778,0.052123,0.014834,0.510885,19.0,0.924762,2.774286,-0.033768,-0.050414,-0.078157,-0.488631
b_rand,126,1786,15,518.355543,-0.000212,0.000359,0.044957,-0.004708,0.505039,-0.017941,-0.02424,0.004131,0.001617,0.002515,0.055195,0.026714,0.179655,0.074059,0.000197,0.431289,-0.123933,-0.188183,-0.049372,0.055016,0.011663,0.648318,19.0,0.921963,1.843926,-0.014259,-0.025323,-0.043762,-0.194708
b_rand,189,1723,10,507.65119,-0.000662,3e-06,0.045452,-0.014559,0.50029,-0.044799,-0.040884,0.002839,0.001915,0.000924,0.010681,0.009405,0.110545,0.024607,-0.006244,0.419317,-0.123381,-0.186761,-0.032916,0.057986,0.012223,0.80379,18.0,0.927894,1.237191,0.009204,0.001781,-0.010591,0.048842
b_residmom,1,1911,1911,544.080586,0.009182,0.010647,0.081554,0.112591,0.55416,4.923218,4.92193,0.104638,-0.0845,0.189138,1.537367,1.522617,4.234687,4.194058,0.065322,0.461565,-0.102271,-0.165849,-3.274822,0.108622,0.694543,0.081914,19.0,0.121401,30.592932,-0.12463,-0.308187,-0.614117,-1.756883
b_residmom,2,1910,955,543.760209,0.013867,0.016463,0.085238,0.162686,0.580628,5.029476,5.026118,0.102979,-0.092882,0.195861,1.49786,1.601812,4.126575,4.397991,0.084855,0.470479,-0.095238,-0.166165,-1.302773,0.094306,0.810045,0.110624,19.0,0.167728,21.133726,-0.049876,-0.176679,-0.388016,-0.674534
b_residmom,3,1909,637,543.443164,0.0161,0.017338,0.087069,0.184915,0.580932,4.666899,4.662978,0.102039,-0.096697,0.198736,1.480147,1.647668,4.078666,4.527759,0.097297,0.471486,-0.095811,-0.17403,-0.677939,0.08764,0.886352,0.127697,19.0,0.203357,17.081995,-0.022288,-0.12478,-0.2956,-0.297497
b_residmom,5,1907,382,542.837965,0.01897,0.02051,0.088977,0.213195,0.58731,4.166431,4.159427,0.10603,-0.101081,0.207111,1.561244,1.748488,4.302497,4.800419,0.116855,0.472595,-0.087224,-0.160018,-0.427445,0.081001,0.941489,0.158697,19.0,0.259292,13.068341,0.015045,-0.063365,-0.194049,0.20086
b_residmom,10,1902,191,541.399579,0.023986,0.028046,0.090261,0.265744,0.611987,3.669109,3.672847,0.097371,-0.099644,0.197015,1.412873,1.706372,3.89017,4.661971,0.144945,0.474863,-0.084723,-0.156429,-0.34381,0.078109,0.952596,0.20459,19.0,0.354426,8.931542,0.039881,-0.013708,-0.103023,0.531669
b_residmom,21,1891,91,538.638815,0.030587,0.033205,0.090298,0.338738,0.643046,3.221201,3.200763,0.079278,-0.088196,0.167474,1.146938,1.389219,3.160386,3.812952,0.184956,0.477211,-0.07725,-0.144524,-0.276094,0.076764,0.891043,0.256297,19.0,0.487473,5.849677,0.046358,0.01126,-0.047237,0.587481
b_residmom,42,1870,45,533.571658,0.037428,0.042735,0.088087,0.424895,0.691444,2.84659,2.817818,0.072557,-0.08037,0.152928,1.035051,1.246145,2.840309,3.400011,0.23952,0.482149,-0.06331,-0.156849,-0.485388,0.08596,0.777021,0.369472,19.0,0.595061,3.570366,0.057771,0.036349,0.000646,0.699306
b_residmom,63,1849,30,528.951325,0.042302,0.057227,0.090746,0.466155,0.722012,2.54054,2.501583,0.07299,-0.068721,0.141711,1.003084,1.100813,2.694558,2.945641,0.277932,0.486313,-0.069873,-0.191453,-0.661372,0.095052,0.679117,0.439828,19.0,0.680915,2.723659,0.065005,0.048663,0.021426,0.800105
b_residmom,84,1828,22,525.531182,0.046579,0.058007,0.097447,0.477994,0.729759,2.247713,2.265112,0.071177,-0.06019,0.131368,0.965224,0.963921,2.483323,2.480999,0.285598,0.48373,-0.085844,-0.208998,-0.756733,0.101431,0.563408,0.510885,19.0,0.737434,2.212302,0.065808,0.052534,0.030411,0.837163
b_residmom,126,1786,15,518.31355,0.048285,0.058365,0.099149,0.486997,0.744121,1.855968,1.942019,0.067984,-0.044422,0.112406,0.935516,0.818791,2.357809,2.108041,0.275822,0.473416,-0.058727,-0.165998,-0.652427,0.097103,0.421564,0.648318,19.0,0.835531,1.671062,0.065713,0.055687,0.038976,0.794977
b_residmom,189,1723,10,507.607661,0.042568,0.047422,0.099622,0.4273,0.690075,1.314798,1.491513,0.059262,-0.034486,0.093748,0.71333,0.600571,1.77634,1.527106,0.250434,0.456683,-0.063059,-0.15225,-0.352886,0.083335,0.242153,0.80379,18.0,0.903935,1.205247,0.051797,0.044566,0.032513,0.569506
b_strev,1,1911,1911,544.130822,0.016056,0.011732,0.094371,0.170133,0.555207,7.439317,7.43737,0.064716,-0.103106,0.167823,0.772749,1.142444,2.128542,3.146869,0.009771,0.454561,-0.15373,-0.189515,0.812734,0.088825,0.328006,0.081914,19.0,0.273757,68.986649,-0.450113,-0.864033,-1.553899,-4.644103
b_strev,2,1910,955,543.810471,0.017652,0.012483,0.095584,0.184671,0.557592,5.709144,5.705621,0.062484,-0.098987,0.161471,0.72207,1.062399,1.992552,2.926579,0.022967,0.46312,-0.117969,-0.175292,0.691641,0.093932,0.30673,0.110624,19.0,0.378289,47.664387,-0.28219,-0.568177,-1.04482,-2.801471
b_strev,3,1909,637,543.493452,0.018018,0.016388,0.095169,0.189322,0.573075,4.778131,4.77965,0.047235,-0.07762,0.124855,0.552669,0.833592,1.523734,2.296645,0.020823,0.464294,-0.127712,-0.181862,0.632632,0.092576,0.171998,0.127697,19.0,0.451457,37.922393,-0.22906,-0.456594,-0.835818,-2.310466
b_strev,5,1907,382,542.888306,0.018597,0.015425,0.092444,0.201174,0.568432,3.931496,3.92631,0.027653,-0.057263,0.084916,0.339285,0.599594,0.934038,1.651431,0.026527,0.464694,-0.165102,-0.179878,0.576274,0.085163,0.069892,0.158697,19.0,0.562064,28.328036,-0.183422,-0.35339,-0.63667,-1.946399
b_strev,10,1902,191,541.450053,0.018067,0.017075,0.090671,0.199262,0.574658,2.751187,2.742667,0.004369,-0.030108,0.034477,0.056417,0.255088,0.155268,0.69861,0.026352,0.457192,-0.255426,-0.328583,0.535411,0.078303,0.016157,0.20459,19.0,0.737835,18.593444,-0.131745,-0.243306,-0.42924,-1.438639
b_strev,21,1891,91,538.689582,0.016464,0.006922,0.087041,0.189152,0.52935,1.798727,1.781152,0.001575,-0.02399,0.025566,0.01388,0.186972,0.053532,0.527284,0.015624,0.45281,-0.237953,-0.323821,0.642269,0.06971,0.026192,0.256297,19.0,0.899395,10.792741,-0.077657,-0.142413,-0.25034,-0.877007
b_strev,42,1870,45,533.622995,0.006762,0.005636,0.081865,0.082602,0.524064,0.553392,0.54375,-0.013784,-0.00114,-0.012644,-0.211816,-0.109564,-0.529843,-0.292262,-0.025941,0.447318,-0.245401,-0.34121,0.343002,0.066766,0.003534,0.369472,19.0,0.907147,5.442882,-0.054907,-0.087564,-0.141993,-0.704778
b_strev,63,1849,30,529.003245,-0.002188,0.00019,0.087883,-0.024896,0.501352,-0.135685,-0.146268,-0.022656,-0.007988,-0.014667,-0.295513,-0.120449,-0.786355,-0.301671,-0.033063,0.430013,-0.279414,-0.356438,0.258244,0.079979,0.004369,0.439828,19.0,0.909137,3.636549,-0.051121,-0.072941,-0.109306,-0.604042
b_strev,84,1828,22,525.576039,-0.004591,-0.005788,0.085183,-0.053899,0.47593,-0.253453,-0.259117,-0.027676,-0.011994,-0.015682,-0.361058,-0.127303,-0.933329,-0.329886,-0.038989,0.42304,-0.298819,-0.362874,-0.003214,0.077952,0.004544,0.510885,19.0,0.919306,2.757917,-0.04003,-0.056577,-0.084156,-0.475003
b_strev,126,1786,15,518.355543,-0.01497,-0.020508,0.087706,-0.170679,0.421613,-0.650466,-0.691414,-0.034137,-0.002261,-0.031876,-0.43509,-0.251547,-1.11439,-0.629322,-0.106912,0.41267,-0.306247,-0.404538,-0.058595,0.08662,0.00153,0.648318,19.0,0.916255,1.832509,-0.040002,-0.050997,-0.069322,-0.478977
b_strev,189,1723,10,507.65119,-0.028303,-0.027972,0.090734,-0.31193,0.358096,-0.959805,-1.035779,-0.032626,0.013332,-0.045958,-0.393248,-0.330044,-0.884666,-0.771585,-0.157228,0.387334,-0.284453,-0.399196,0.093043,0.102421,0.001682,0.80379,18.0,0.926119,1.234825,-0.046023,-0.053432,-0.06578,-0.650446
b_trend200,1,1911,1911,542.230769,-0.000549,0.004128,0.139021,-0.003946,0.511774,-0.172536,-0.172491,0.090442,-0.042115,0.132556,0.783128,0.671325,2.15713,1.849168,0.058421,0.459999,-0.170555,-0.328085,-0.316761,0.146102,0.04288,0.081914,19.0,0.100419,25.30555,-0.107575,-0.259408,-0.512463,-0.81816
b_trend200,2,1910,955,541.925131,0.004961,0.011276,0.146689,0.033819,0.52356,1.04553,1.044831,0.092242,-0.029535,0.121777,0.775706,0.581332,2.137633,1.600472,0.079968,0.46618,-0.165779,-0.320786,-0.249878,0.154395,0.035747,0.110624,19.0,0.142898,18.005189,-0.068754,-0.176786,-0.356837,-0.495291
b_trend200,3,1909,637,541.621268,0.007788,0.016572,0.150372,0.051794,0.544264,1.307196,1.305939,0.099048,-0.034323,0.133371,0.855545,0.634213,2.341889,1.743983,0.093157,0.471465,-0.159729,-0.308659,-0.245087,0.155089,0.072493,0.127697,19.0,0.175721,14.760581,-0.039697,-0.12826,-0.275866,-0.283691
b_trend200,5,1907,382,541.036182,0.01084,0.018173,0.152891,0.070903,0.550079,1.385647,1.382736,0.105315,-0.048026,0.153341,0.91891,0.723524,2.526828,1.989028,0.111262,0.470725,-0.161979,-0.293272,-0.261717,0.158104,0.138854,0.158697,19.0,0.22717,11.44939,0.003606,-0.06509,-0.179584,0.026924
b_trend200,10,1902,191,539.615668,0.016531,0.019984,0.156292,0.10577,0.556257,1.460362,1.464938,0.105686,-0.069287,0.174974,0.968367,0.825445,2.643879,2.26529,0.147844,0.471733,-0.163956,-0.291598,-0.075722,0.150804,0.294989,0.20459,19.0,0.322756,8.133461,0.029903,-0.018898,-0.100232,0.214582
b_trend200,21,1891,91,536.884188,0.025757,0.031958,0.156244,0.164852,0.6055,1.567652,1.563189,0.09737,-0.080784,0.178154,0.921425,0.849676,2.534007,2.310833,0.202205,0.475457,-0.17134,-0.266345,-0.46235,0.163355,0.462032,0.256297,19.0,0.46875,5.625002,0.038193,0.004443,-0.051807,0.285541
b_trend200,42,1870,45,531.835829,0.041666,0.051756,0.145632,0.286106,0.648128,1.91677,1.903572,0.085181,-0.097682,0.182863,0.794185,0.965883,2.178179,2.645076,0.285023,0.475807,-0.183504,-0.240657,-0.545236,0.132334,0.556434,0.369472,19.0,0.632074,3.792442,0.058824,0.036069,-0.001855,0.498459
b_trend200,63,1849,30,527.216333,0.05195,0.063119,0.142369,0.364899,0.682531,1.988693,1.953916,0.076354,-0.106187,0.18254,0.709182,0.962514,1.943455,2.633503,0.307406,0.471252,-0.170306,-0.222856,-0.374329,0.11934,0.576393,0.439828,19.0,0.73373,2.934921,0.065158,0.047549,0.0182,0.5325
b_trend200,84,1828,22,523.747812,0.06339,0.073766,0.139863,0.453226,0.702407,2.131243,2.117305,0.076798,-0.11066,0.187457,0.666083,0.987658,1.832004,2.715177,0.326338,0.471574,-0.150177,-0.190079,-0.105314,0.103348,0.595144,0.510885,19.0,0.796554,2.389663,0.077917,0.063579,0.039682,0.738987
b_trend200,126,1786,15,516.521837,0.085624,0.097689,0.144228,0.593672,0.734043,2.262513,2.194563,0.082462,-0.117971,0.200433,0.722506,1.087712,1.946525,2.945455,0.377067,0.471914,-0.110115,-0.138541,-0.081212,0.074877,0.648251,0.648318,19.0,0.868742,1.737485,0.098337,0.087912,0.070537,0.886435
b_trend200,189,1723,10,505.774811,0.100197,0.119705,0.149643,0.669573,0.790482,2.06027,2.303233,0.094866,-0.10786,0.202726,0.784219,1.108157,2.066024,2.712356,0.426286,0.47367,-0.087503,-0.11382,-0.333727,0.085371,0.620414,0.80379,18.0,0.908951,1.211934,0.099863,0.092591,0.080472,0.810203
beta_f,1,1872,1872,548.958868,-0.015649,-0.007637,0.154406,-0.101346,0.480235,-4.386082,-4.384911,0.055076,-0.045055,0.100132,0.501768,0.510737,1.367954,1.392405,0.02884,0.440478,-0.285376,-0.43362,0.005046,0.14034,,,,,,,,,
beta_f,2,1871,936,548.653127,-0.014193,-0.005328,0.155338,-0.091366,0.481561,-2.79565,-2.796156,0.047655,-0.048139,0.095794,0.437643,0.492027,1.192764,1.339336,0.030893,0.446983,-0.291134,-0.429852,0.059602,0.133836,,,,,,,,,
beta_f,3,1870,624,548.348128,-0.013889,-0.002191,0.156087,-0.088982,0.492513,-2.222693,-2.221732,0.041006,-0.047191,0.088198,0.372908,0.451744,1.0195,1.233409,0.029642,0.447883,-0.300286,-0.424741,0.192507,0.126661,,,,,,,,,
beta_f,5,1868,374,547.763383,-0.014093,-0.006338,0.155384,-0.090698,0.480193,-1.754299,-1.754445,0.035568,-0.046284,0.081852,0.321412,0.419601,0.877653,1.144789,0.031555,0.447536,-0.289772,-0.407791,0.177677,0.122221,,,,,,,,,
beta_f,10,1863,187,546.334407,-0.013938,-0.011189,0.154052,-0.090474,0.468599,-1.236329,-1.234308,0.034579,-0.044516,0.079094,0.306338,0.405327,0.837433,1.108807,0.029516,0.44716,-0.273152,-0.390637,0.254205,0.120152,,,,,,,,,
beta_f,21,1852,89,543.563175,-0.01234,-0.005865,0.151584,-0.081407,0.478942,-0.766142,-0.761415,0.033784,-0.04987,0.083654,0.294741,0.437779,0.808711,1.195529,0.05791,0.448279,-0.261656,-0.353418,0.335516,0.112845,,,,,,,,,
beta_f,42,1831,44,538.470235,-0.00992,0.008937,0.151079,-0.06566,0.519934,-0.435319,-0.438741,0.034748,-0.04865,0.083399,0.310776,0.436789,0.875827,1.201667,0.102262,0.448725,-0.241649,-0.331486,-0.102603,0.118988,,,,,,,,,
beta_f,63,1810,29,533.818232,-0.011781,0.01118,0.157492,-0.074803,0.523757,-0.403407,-0.396574,0.041858,-0.041825,0.083683,0.34581,0.396853,0.956072,1.089376,0.089838,0.448642,-0.213219,-0.299913,0.110882,0.117511,,,,,,,,,
beta_f,84,1789,22,530.340973,-0.00912,0.0011,0.159084,-0.057331,0.504192,-0.266749,-0.264759,0.049699,-0.041792,0.091491,0.388946,0.420788,1.070455,1.15776,0.088673,0.453432,-0.177759,-0.248391,0.354213,0.110243,,,,,,,,,
beta_f,126,1747,14,523.081855,-0.012628,0.001183,0.158227,-0.079808,0.502003,-0.300896,-0.301609,0.046171,-0.042813,0.088984,0.345416,0.395226,0.941803,1.078803,0.08028,0.446545,-0.10601,-0.204221,0.455135,0.102113,,,,,,,,,
beta_f,189,1684,9,512.434086,-0.008174,-0.015985,0.148223,-0.055145,0.458432,-0.167824,-0.156226,0.053372,-0.050045,0.103417,0.346389,0.426158,0.901226,1.080978,0.073879,0.439333,-0.076298,-0.12453,0.860699,0.091127,,,,,,,,,
delivery_f,1,1911,1911,544.130822,0.023706,0.019551,0.111736,0.21216,0.508111,8.73727,8.734693,0.04297,-0.055666,0.098637,0.542094,0.663067,1.406332,1.720166,0.019728,0.46054,-0.157443,-0.245964,0.008935,0.10042,0.049405,0.081914,19.0,0.114725,28.910733,-0.160429,-0.333893,-0.623,-1.753383
delivery_f,2,1910,955,543.810471,0.023869,0.020856,0.108013,0.220984,0.50733,6.434192,6.42942,0.047172,-0.047009,0.094182,0.603657,0.664399,1.5665,1.723001,0.028539,0.463598,-0.132517,-0.223288,-0.199796,0.097199,0.068905,0.110624,19.0,0.166405,20.966981,-0.112386,-0.238188,-0.447858,-1.235168
delivery_f,3,1909,637,543.493452,0.024072,0.022261,0.104564,0.230211,0.513882,5.471868,5.47725,0.043768,-0.044536,0.088303,0.560422,0.640707,1.458154,1.664077,0.037392,0.466316,-0.134387,-0.218933,-0.322353,0.0958,0.088261,0.127697,19.0,0.211542,17.769521,-0.091871,-0.198488,-0.376183,-1.032026
delivery_f,5,1907,382,542.888306,0.025608,0.022479,0.102378,0.250133,0.523335,4.603547,4.599882,0.038249,-0.034289,0.072538,0.497581,0.532384,1.293761,1.381506,0.041361,0.467159,-0.121849,-0.213021,-0.355583,0.094208,0.065222,0.158697,19.0,0.288604,14.54565,-0.073356,-0.16063,-0.306087,-0.840584
delivery_f,10,1902,191,541.450053,0.028592,0.024657,0.098152,0.291305,0.54469,3.787306,3.783625,0.022661,-0.028048,0.050709,0.307203,0.392844,0.796364,1.012143,0.05238,0.46667,-0.128892,-0.235316,-0.517884,0.090759,0.055151,0.20459,19.0,0.44034,11.096556,-0.05759,-0.124169,-0.235135,-0.680259
delivery_f,21,1891,91,538.689582,0.031426,0.030501,0.092654,0.339176,0.537811,3.036402,3.019434,-0.001427,-0.02974,0.028313,-0.014983,0.219461,-0.04807,0.558302,0.056884,0.459899,-0.185611,-0.252769,-0.431417,0.091544,0.046617,0.256297,19.0,0.663729,7.964743,-0.036255,-0.084044,-0.163691,-0.42638
delivery_f,42,1870,45,533.622995,0.032104,0.034457,0.095862,0.334893,0.554545,2.111181,2.102018,0.004598,-0.037982,0.04258,0.083452,0.3208,0.150912,0.798098,0.065149,0.458534,-0.169548,-0.246194,-0.323809,0.084454,0.075854,0.369472,19.0,0.803585,4.821512,-0.004767,-0.033696,-0.081911,-0.041175
delivery_f,63,1849,30,529.003245,0.037089,0.035751,0.089587,0.414006,0.568956,2.12213,2.087566,0.013751,-0.037266,0.051017,0.18808,0.395631,0.466913,0.977556,0.094027,0.457619,-0.152395,-0.239433,-0.469487,0.086907,0.13084,0.439828,19.0,0.867053,3.468213,0.013571,-0.007239,-0.041921,0.161703
delivery_f,84,1828,22,525.576039,0.041883,0.046242,0.084829,0.493731,0.598468,2.182593,2.183805,0.012534,-0.04579,0.058323,0.172341,0.437959,0.418712,1.117789,0.121661,0.448589,-0.156921,-0.225278,-0.396798,0.085555,0.151857,0.510885,19.0,0.890198,2.670595,0.022584,0.00656,-0.020146,0.27375
delivery_f,126,1786,15,518.355543,0.042895,0.053488,0.09055,0.473715,0.575588,1.695538,1.618071,0.008647,-0.045787,0.054434,0.103583,0.3738,0.243649,0.957876,0.130586,0.441806,-0.155321,-0.209032,-0.647266,0.098747,0.123428,0.648318,19.0,0.894994,1.789988,0.023028,0.012288,-0.005612,0.252308
delivery_f,189,1723,10,507.65119,0.030309,0.039576,0.083451,0.363195,0.54614,1.04805,1.003043,-0.006468,-0.017676,0.011209,-0.053758,0.100611,-0.178178,0.172714,0.102496,0.419044,-0.1661,-0.284796,-0.694911,0.122178,,0.80379,18.0,0.906057,1.208076,0.001253,-0.005995,-0.018076,0.087748
drawdown_f,1,1911,1911,544.130822,0.027799,0.026038,0.136087,0.204273,0.591837,8.932135,8.929797,-0.031243,-0.059577,0.028334,-0.339254,0.152797,-0.934476,0.420879,0.011427,0.4677,-0.415793,-0.451255,0.027692,0.132388,,,,,,,,,
drawdown_f,2,1910,955,543.810471,0.028782,0.026689,0.14469,0.198924,0.589529,6.149788,6.147904,-0.029323,-0.056527,0.027204,-0.305005,0.136653,-0.840102,0.376805,0.024452,0.469603,-0.415012,-0.449926,0.072882,0.140398,,,,,,,,,
drawdown_f,3,1909,637,543.493452,0.029512,0.028407,0.149492,0.197416,0.584599,4.982404,4.978754,-0.028673,-0.057297,0.028624,-0.294088,0.140935,-0.808594,0.387229,0.030468,0.469615,-0.4136,-0.443516,0.020946,0.144707,,,,,,,,,
drawdown_f,5,1907,382,542.888306,0.030382,0.031378,0.153938,0.197364,0.58731,3.85705,3.850867,-0.028705,-0.06483,0.036125,-0.288369,0.173973,-0.792032,0.478512,0.039564,0.467269,-0.402399,-0.436927,-0.021111,0.148523,,,,,,,,,
drawdown_f,10,1902,191,541.450053,0.032358,0.028744,0.157398,0.20558,0.599369,2.838423,2.829248,-0.031545,-0.069362,0.037818,-0.301951,0.177305,-0.833071,0.486394,0.045483,0.463123,-0.383762,-0.429207,-0.121765,0.158322,,,,,,,,,
drawdown_f,21,1891,91,538.689582,0.035618,0.032574,0.157994,0.22544,0.597039,2.143804,2.13617,-0.028679,-0.075881,0.047202,-0.267549,0.22437,-0.741526,0.603435,0.050732,0.461407,-0.368529,-0.414542,-0.35332,0.157087,,,,,,,,,
drawdown_f,42,1870,45,533.622995,0.040383,0.040526,0.156845,0.257472,0.59893,1.724936,1.706191,-0.026624,-0.078663,0.052039,-0.24647,0.264728,-0.678001,0.709479,0.076889,0.460314,-0.355172,-0.381943,0.036965,0.121098,,,,,,,,,
drawdown_f,63,1849,30,529.003245,0.046686,0.047191,0.161251,0.289525,0.638724,1.577908,1.543944,-0.022015,-0.06763,0.045615,-0.189035,0.218112,-0.518791,0.598593,0.085035,0.458509,-0.340851,-0.375739,-0.056251,0.128578,,,,,,,,,
drawdown_f,84,1828,22,525.576039,0.055538,0.062713,0.160208,0.346659,0.644967,1.630124,1.647973,-0.017194,-0.066131,0.048937,-0.152374,0.246382,-0.400179,0.663901,0.089603,0.459862,-0.319513,-0.343384,0.104194,0.114507,,,,,,,,,
drawdown_f,126,1786,15,518.355543,0.071152,0.074313,0.159749,0.445397,0.694849,1.697428,1.648579,-0.012947,-0.062342,0.049395,-0.097883,0.237942,-0.287393,0.639752,0.12656,0.462634,-0.331505,-0.358666,0.002017,0.120843,,,,,,,,,
drawdown_f,189,1723,10,507.65119,0.075779,0.078657,0.151795,0.49922,0.775392,1.536095,1.526245,-0.026553,-0.051437,0.024884,-0.167046,0.1988,-0.514353,0.295356,0.172289,0.451021,-0.377864,-0.413501,-1.06534,0.206147,,,,,,,,,
lottery_f,1,1911,1911,544.130822,-0.036641,-0.028029,0.150684,-0.243164,0.418106,-10.63268,-10.629898,-0.027092,-0.030921,0.003829,-0.22787,0.019358,-0.62767,0.053321,0.030113,0.438563,-0.375727,-0.516073,-0.501966,0.153027,0.000211,0.081914,19.0,0.102919,25.93555,-0.207534,-0.363147,-0.622503,-1.684392
lottery_f,2,1910,955,543.810471,-0.034846,-0.026992,0.152952,-0.227821,0.412565,-7.043123,-7.039055,-0.046435,-0.033863,-0.012572,-0.37998,-0.061276,-1.049503,-0.171365,0.027739,0.440198,-0.401856,-0.506074,-0.467534,0.151887,0.000165,0.110624,19.0,0.152411,19.203774,-0.150895,-0.266118,-0.458156,-1.215928
lottery_f,3,1909,637,543.493452,-0.034443,-0.025027,0.153962,-0.223708,0.434783,-5.645975,-5.646501,-0.046586,-0.039142,-0.007444,-0.39165,-0.040066,-1.067893,-0.102503,0.030678,0.439708,-0.418908,-0.505695,-0.328967,0.143833,0.000434,0.127697,19.0,0.190518,16.003491,-0.122953,-0.218974,-0.379009,-1.012021
lottery_f,5,1907,382,542.888306,-0.034488,-0.030047,0.153149,-0.225191,0.428946,-4.40086,-4.396406,-0.040997,-0.046444,0.005447,-0.354066,0.027478,-0.970373,0.076843,0.02696,0.437194,-0.386658,-0.491562,-0.260405,0.134223,0.001278,0.158697,19.0,0.252288,12.715318,-0.092173,-0.168465,-0.295618,-0.783641
lottery_f,10,1902,191,541.450053,-0.034129,-0.033083,0.148967,-0.229106,0.413775,-3.163253,-3.156454,-0.043544,-0.05408,0.010536,-0.378196,0.057682,-1.044469,0.151111,0.030666,0.432387,-0.406458,-0.481097,-0.305679,0.133908,0.004026,0.20459,19.0,0.366197,9.228158,-0.071121,-0.12649,-0.218771,-0.628247
lottery_f,21,1891,91,538.689582,-0.033511,-0.026644,0.145554,-0.230233,0.416711,-2.189381,-2.181993,-0.044616,-0.050165,0.005549,-0.386117,0.026236,-1.057075,0.077982,0.048001,0.423127,-0.415217,-0.475564,-0.267915,0.135212,0.009538,0.256297,19.0,0.529213,6.350558,-0.051208,-0.089311,-0.152817,-0.45421
lottery_f,42,1870,45,533.622995,-0.030667,-0.022518,0.14981,-0.204708,0.447059,-1.371443,-1.354657,-0.036294,-0.041158,0.004863,-0.325648,0.023645,-0.858677,0.067298,0.072241,0.421951,-0.382741,-0.439618,-0.352987,0.137119,0.009251,0.369472,19.0,0.609862,3.65917,-0.038927,-0.060882,-0.097473,-0.340064
lottery_f,63,1849,30,529.003245,-0.031566,-0.032361,0.155069,-0.203563,0.427799,-1.109415,-1.08922,-0.032929,-0.043591,0.010662,-0.27366,0.047134,-0.736072,0.139749,0.053706,0.419163,-0.365222,-0.409574,-0.123231,0.135645,0.013935,0.439828,19.0,0.658922,2.635687,-0.017592,-0.033406,-0.059763,-0.145168
lottery_f,84,1828,22,525.576039,-0.034255,-0.037302,0.156858,-0.21838,0.422867,-1.026908,-1.018038,-0.030748,-0.046595,0.015847,-0.24406,0.075316,-0.655661,0.205992,0.051654,0.409122,-0.331583,-0.353914,0.031254,0.126728,0.018278,0.510885,19.0,0.693717,2.081151,-0.009575,-0.022062,-0.042873,-0.080172
lottery_f,126,1786,15,518.355543,-0.034163,-0.040877,0.153699,-0.222269,0.382979,-0.847078,-0.850177,-0.018084,-0.051095,0.033011,-0.135065,0.143261,-0.367778,0.406887,0.07984,0.40491,-0.265695,-0.229688,0.287388,0.126278,0.022948,0.648318,19.0,0.742415,1.484829,0.017543,0.008634,-0.006215,0.126911
lottery_f,189,1723,10,507.65119,-0.021309,-0.03469,0.150597,-0.141494,0.422519,-0.435377,-0.408816,0.010572,-0.069995,0.080567,0.063325,0.323609,0.201211,0.889819,0.1334,0.402181,-0.132288,-0.115567,0.366754,0.13423,0.063111,0.80379,18.0,0.779552,1.039403,0.037571,0.031335,0.020941,0.25785
mom_f,1,1911,1911,544.091575,0.015542,0.016555,0.108034,0.143859,0.55887,6.290456,6.28881,0.072626,-0.117819,0.190445,0.890908,1.279385,2.454012,3.524073,0.062924,0.464304,-0.147845,-0.225067,-0.165884,0.106016,0.477233,0.081914,19.0,0.181767,45.805288,-0.228272,-0.503104,-0.961156,-2.36338
mom_f,2,1910,955,543.771204,0.021,0.024174,0.11639,0.180425,0.578534,5.577891,5.57492,0.069853,-0.118624,0.188477,0.840903,1.190032,2.317238,3.27781,0.0829,0.472827,-0.150552,-0.218131,-0.114946,0.110907,0.444123,0.110624,19.0,0.24282,30.595283,-0.111637,-0.295209,-0.601161,-1.090976
mom_f,3,1909,637,543.454164,0.023634,0.026398,0.12074,0.195742,0.58879,4.940161,4.936196,0.077457,-0.119799,0.197256,0.937204,1.232991,2.581777,3.394608,0.099665,0.473988,-0.151145,-0.208395,-0.096012,0.111867,0.567255,0.127697,19.0,0.283893,23.846973,-0.058379,-0.201461,-0.439931,-0.562968
mom_f,5,1907,382,542.848977,0.026559,0.031425,0.125984,0.210809,0.601468,4.119788,4.113664,0.073699,-0.12288,0.196579,0.893605,1.190518,2.461643,3.279649,0.115158,0.472789,-0.155761,-0.212931,-0.135036,0.116231,0.567813,0.158697,19.0,0.341588,17.216021,-0.001233,-0.104529,-0.276689,-0.012791
mom_f,10,1902,191,541.41062,0.031135,0.037144,0.131394,0.236962,0.625657,3.271716,3.2655,0.066796,-0.11232,0.179116,0.812066,1.05437,2.239064,2.90034,0.147857,0.473741,-0.147209,-0.210678,-0.104513,0.117134,0.528819,0.20459,19.0,0.437353,11.021304,0.043379,-0.022749,-0.132962,0.413284
mom_f,21,1891,91,538.649921,0.039027,0.042635,0.134122,0.29098,0.643575,2.767058,2.758221,0.045046,-0.104731,0.149778,0.583387,0.898558,1.602619,2.432006,0.191757,0.474581,-0.128339,-0.2169,-0.289886,0.11505,0.510944,0.256297,19.0,0.565737,6.788849,0.056227,0.015494,-0.052394,0.548605
mom_f,42,1870,45,533.582888,0.051049,0.059016,0.12859,0.396988,0.694652,2.659627,2.627131,0.047756,-0.10481,0.152566,0.583598,0.929204,1.607245,2.552728,0.242217,0.474593,-0.11285,-0.209175,-0.202551,0.105038,0.523848,0.369472,19.0,0.661955,3.971732,0.075628,0.051797,0.01208,0.72047
mom_f,63,1849,30,528.962683,0.059976,0.065918,0.128769,0.465767,0.743104,2.538423,2.492511,0.05424,-0.108003,0.162243,0.648737,0.977977,1.803844,2.674842,0.283649,0.476791,-0.104246,-0.194534,-0.277205,0.111492,0.59043,0.439828,19.0,0.742734,2.970936,0.080822,0.062996,0.033287,0.819632
mom_f,84,1828,22,525.535011,0.071145,0.074245,0.132115,0.53851,0.791575,2.532284,2.556643,0.064607,-0.103139,0.167746,0.79772,1.029459,2.115665,2.77159,0.324461,0.484298,-0.091696,-0.186648,-0.342944,0.104184,0.623282,0.510885,19.0,0.789828,2.369484,0.09306,0.078843,0.055148,0.928267
mom_f,126,1786,15,518.31355,0.084724,0.092044,0.13407,0.631941,0.796753,2.408357,2.380164,0.069952,-0.096567,0.166519,0.904704,1.05733,2.308009,2.693621,0.37547,0.488224,-0.076834,-0.173983,-0.71904,0.122005,0.59784,0.648318,19.0,0.87819,1.75638,0.085428,0.07489,0.057326,0.902875
mom_f,189,1723,10,507.607661,0.085367,0.098467,0.125254,0.681553,0.861288,2.097132,2.327706,0.067231,-0.07526,0.142491,0.784518,0.90557,1.973974,2.153172,0.393904,0.479577,-0.07008,-0.160709,-0.56382,0.122822,0.48447,0.80379,18.0,0.913194,1.217593,0.077531,0.070226,0.05805,0.65672
reversal_f,1,1911,1911,544.130822,-0.016056,-0.011732,0.094371,-0.170133,0.444793,-7.439317,-7.43737,-0.099674,0.069709,-0.169383,-1.130367,-1.152377,-3.113602,-3.174229,-0.00901,0.449312,-0.543494,-0.748981,-0.808445,0.115401,0.0,0.081914,19.0,0.273743,68.983351,-0.653399,-1.067299,-1.757133,-6.735455
reversal_f,2,1910,955,543.810471,-0.017652,-0.012483,0.095584,-0.184671,0.442408,-5.709144,-5.705621,-0.09445,0.069075,-0.163525,-1.038423,-1.074045,-2.860805,-2.958899,-0.022688,0.449905,-0.528337,-0.741068,-0.697305,0.120431,0.0,0.110624,19.0,0.378197,47.65283,-0.479627,-0.765544,-1.242072,-4.755976
reversal_f,3,1909,637,543.493452,-0.018018,-0.016388,0.095169,-0.189322,0.426925,-4.778131,-4.77965,-0.075206,0.054239,-0.129445,-0.83596,-0.861667,-2.307482,-2.371592,-0.02208,0.45028,-0.463049,-0.666305,-0.65591,0.118742,0.0,0.127697,19.0,0.451274,37.906978,-0.377083,-0.604524,-0.983594,-3.790063
reversal_f,5,1907,382,542.888306,-0.018597,-0.015425,0.092444,-0.201174,0.431568,-3.931496,-3.92631,-0.056031,0.031424,-0.087456,-0.647213,-0.613922,-1.781591,-1.692997,-0.026922,0.448991,-0.404235,-0.553315,-0.579412,0.108711,1e-06,0.158697,19.0,0.561985,28.324057,-0.269407,-0.439352,-0.722592,-2.861287
reversal_f,10,1902,191,541.450053,-0.018067,-0.017075,0.090671,-0.199262,0.425342,-2.751187,-2.742667,-0.030332,0.006112,-0.036444,-0.359706,-0.269719,-0.98852,-0.73942,-0.027034,0.446139,-0.315034,-0.455592,-0.573977,0.101468,0.000158,0.20459,19.0,0.737875,18.594439,-0.165116,-0.276682,-0.462627,-1.805786
reversal_f,21,1891,91,538.689582,-0.016464,-0.006922,0.087041,-0.189152,0.47065,-1.798727,-1.781152,-0.022673,0.002004,-0.024677,-0.277613,-0.181006,-0.77002,-0.505828,-0.01524,0.441608,-0.29139,-0.396186,-0.657026,0.102078,0.001548,0.256297,19.0,0.899651,10.795815,-0.094184,-0.158959,-0.266917,-1.047674
reversal_f,42,1870,45,533.622995,-0.006762,-0.005636,0.081865,-0.082602,0.475936,-0.553392,-0.54375,-0.000529,-0.014194,0.013665,-0.010013,0.117933,-0.01929,0.315318,0.027639,0.446522,-0.191422,-0.263828,-0.339504,0.080335,0.01838,0.369472,19.0,0.906764,5.440583,-0.032344,-0.064987,-0.119393,-0.391377
reversal_f,63,1849,30,529.003245,0.002188,-0.00019,0.087883,0.024896,0.498648,0.135685,0.146268,-0.006749,-0.022787,0.016037,-0.076108,0.130987,-0.232543,0.328681,0.034466,0.441252,-0.216604,-0.280928,-0.257089,0.084412,0.02493,0.439828,19.0,0.909134,3.636535,-0.007305,-0.029124,-0.06549,-0.086837
reversal_f,84,1828,22,525.576039,0.004591,0.005788,0.085183,0.053899,0.52407,0.253453,0.259117,-0.011797,-0.02806,0.016263,-0.151161,0.132294,-0.419158,0.341632,0.040554,0.434128,-0.206496,-0.240918,0.014141,0.07604,0.02618,0.510885,19.0,0.919431,2.758294,-0.004505,-0.021054,-0.048637,-0.056808
reversal_f,126,1786,15,518.355543,0.01497,0.020508,0.087706,0.170679,0.578387,0.650466,0.691414,-0.001426,-0.034622,0.033196,-0.014019,0.259176,-0.047558,0.652867,0.106023,0.427785,-0.163085,-0.211591,0.041791,0.077997,0.048144,0.648318,19.0,0.916255,1.832509,0.009721,-0.001274,-0.019599,0.116948
reversal_f,189,1723,10,507.65119,0.028303,0.027972,0.090734,0.31193,0.641904,0.959805,1.035779,0.013246,-0.03347,0.046717,0.154029,0.334531,0.393509,0.781397,0.155356,0.430235,-0.137506,-0.177325,-0.092288,0.090112,0.08363,0.80379,18.0,0.926119,1.234825,0.025928,0.018519,0.006171,0.396484
score,1,1260,1260,608.363492,0.026132,0.024595,0.11539,0.226466,0.584127,8.041947,8.038755,-0.005439,-0.117784,0.112345,-0.071331,0.734494,-0.159564,1.643031,0.03569,0.463728,-0.349828,-0.512481,-0.122458,0.111009,0.103994,0.081914,19.0,0.139734,35.212947,-0.179537,-0.390814,-0.742944,-1.87176
score,2,1259,630,608.01112,0.028483,0.028586,0.120361,0.236644,0.602859,5.940888,5.935213,0.006666,-0.111213,0.117879,0.086085,0.743756,0.189603,1.66104,0.049712,0.468576,-0.332519,-0.485878,-0.322645,0.117965,0.136346,0.110624,19.0,0.1999,25.18746,-0.109091,-0.260216,-0.51209,-1.089022
score,3,1258,420,607.662957,0.029031,0.03268,0.122489,0.237011,0.611288,4.857072,4.851146,0.008663,-0.104069,0.112732,0.109493,0.699166,0.2391,1.564469,0.05998,0.471825,-0.341293,-0.493028,-0.336915,0.119753,0.150497,0.127697,19.0,0.249463,20.954861,-0.078442,-0.204171,-0.41372,-0.771801
score,5,1256,252,607.005573,0.030467,0.032686,0.126242,0.241336,0.607484,3.828968,3.824096,0.00702,-0.09762,0.10464,0.081989,0.628705,0.18063,1.409044,0.065402,0.46844,-0.335701,-0.472842,-0.329321,0.120686,0.138121,0.158697,19.0,0.325476,16.403991,-0.043714,-0.142138,-0.306178,-0.421462
score,10,1251,126,605.440448,0.033216,0.03386,0.132748,0.250215,0.59952,2.803431,2.791796,0.00162,-0.087681,0.089302,0.018555,0.501653,0.037526,1.123682,0.079272,0.464215,-0.326748,-0.45365,-0.536343,0.134487,0.129502,0.20459,19.0,0.468647,11.809912,-0.024223,-0.095082,-0.213181,-0.225639
score,21,1240,60,602.410484,0.033349,0.035871,0.140308,0.237683,0.61371,1.832316,1.820742,-0.01559,-0.058635,0.043046,-0.159385,0.22985,-0.35509,0.509743,0.070205,0.458813,-0.308436,-0.454528,-0.249779,0.134831,0.07608,0.256297,19.0,0.656955,7.88346,-0.016307,-0.063608,-0.142443,-0.139503
score,42,1219,30,596.686628,0.029951,0.03893,0.147128,0.203574,0.621821,1.103532,1.071277,-0.020538,-0.041836,0.021298,-0.207981,0.107468,-0.441122,0.240476,0.079027,0.452172,-0.297863,-0.43429,-0.060725,0.130795,0.042775,0.369472,19.0,0.776786,4.660714,-0.011342,-0.039306,-0.085913,-0.08451
score,63,1198,20,591.447412,0.033757,0.05957,0.156926,0.215115,0.625209,0.946779,0.925348,-0.013828,-0.029834,0.016006,-0.123393,0.081116,-0.27857,0.164611,0.114332,0.451802,-0.278905,-0.443319,-0.521792,0.166876,0.046946,0.439828,19.0,0.845135,3.380539,-0.005222,-0.025505,-0.05931,-0.035382
score,84,1177,15,587.285472,0.039612,0.066332,0.156601,0.252948,0.637213,0.95872,0.94184,-0.014028,-0.029561,0.015534,-0.105015,0.09257,-0.264298,0.150384,0.144595,0.445325,-0.281654,-0.442533,-0.743095,0.17767,0.053077,0.510885,19.0,0.887007,2.66102,-0.001051,-0.017017,-0.043627,0.014017
score,126,1135,10,579.15859,0.03352,0.059189,0.154191,0.217393,0.643172,0.665175,0.677852,-0.022587,-0.018965,-0.003622,-0.131285,0.023453,-0.365477,-0.031823,0.117811,0.438779,-0.275151,-0.432032,-0.734191,0.194344,0.037873,0.648318,19.0,0.918474,1.836949,-0.001547,-0.012569,-0.030939,0.005561
score,189,1072,6,566.538246,0.015979,0.069561,0.151172,0.1057,0.626866,0.259596,0.227698,-0.040699,0.023828,-0.064527,-0.249013,-0.202668,-0.538459,-0.451227,0.080654,0.415797,-0.208937,-0.354909,-0.765353,0.1969,,0.80379,18.0,0.9375,1.25,-0.020959,-0.028459,-0.040959,-0.118841
score_an,1,903,903,615.550388,0.024278,0.024563,0.121479,0.199853,0.570321,6.008894,6.005566,0.01793,-0.096334,0.114264,0.204164,0.69923,0.386689,1.324355,0.039055,0.470709,-0.255781,-0.426868,-0.727304,0.126985,,,,,,,,,
score_an,2,902,451,615.161863,0.027053,0.029624,0.126942,0.213111,0.592018,4.529559,4.523606,0.014356,-0.085851,0.100207,0.155468,0.594035,0.296823,1.121976,0.05597,0.476136,-0.258864,-0.443634,-0.884849,0.134734,,,,,,,,,
score_an,3,901,301,614.782464,0.027495,0.034517,0.12881,0.21345,0.600444,3.702993,3.697472,0.014041,-0.082533,0.096574,0.15029,0.568826,0.286203,1.077814,0.068671,0.478389,-0.256668,-0.437681,-1.131439,0.140263,,,,,,,,,
score_an,5,899,180,614.065628,0.028234,0.036217,0.132758,0.212673,0.598443,2.855848,2.851712,0.003991,-0.078553,0.082544,0.051638,0.488814,0.079066,0.912093,0.07837,0.474799,-0.260231,-0.428218,-0.870291,0.135621,,,,,,,,,
score_an,10,894,90,612.357942,0.029757,0.038858,0.139832,0.212808,0.599553,2.016984,2.012594,0.003684,-0.075827,0.079511,0.048369,0.459554,0.071148,0.845048,0.090313,0.4719,-0.253616,-0.41017,-0.999149,0.145425,,,,,,,,,
score_an,21,883,43,609.02265,0.029118,0.03317,0.146283,0.199051,0.617214,1.296596,1.283116,-0.021757,-0.057407,0.03565,-0.218131,0.202091,-0.423699,0.367456,0.082082,0.464251,-0.245382,-0.375006,-0.527679,0.144129,,,,,,,,,
score_an,42,862,21,602.725058,0.02902,0.028557,0.151397,0.191679,0.599768,0.876011,0.851655,-0.014331,-0.046552,0.032222,-0.12297,0.18445,-0.264952,0.323078,0.087281,0.459149,-0.204655,-0.310029,0.135771,0.119042,,,,,,,,,
score_an,63,841,14,596.845422,0.036949,0.050527,0.161426,0.228894,0.619501,0.847441,0.841824,-2.2e-05,-0.025226,0.025204,0.035763,0.152106,-0.000378,0.221312,0.13053,0.463967,-0.18718,-0.328751,-0.366965,0.147623,,,,,,,,,
score_an,84,820,10,592.056098,0.047584,0.053039,0.161658,0.294349,0.657317,0.936348,0.890969,0.009886,-0.01759,0.027476,0.104043,0.130163,0.155025,0.221089,0.172639,0.467594,-0.17516,-0.331122,-0.641923,0.187959,,,,,,,,,
score_an,126,778,7,581.804627,0.043371,0.054588,0.158023,0.274459,0.678663,0.701635,0.694597,-0.004707,-0.01031,0.005603,0.006293,0.054204,-0.06149,0.04126,0.1558,0.461539,-0.192783,-0.33754,-0.789402,0.241549,,,,,,,,,
score_an,189,715,4,564.188811,0.027065,0.072159,0.151089,0.179134,0.728671,0.365118,0.574755,-0.026733,0.019502,-0.046235,0.279243,0.030865,-0.281296,-0.273514,0.146395,0.428948,-0.139076,-0.217665,-1.076594,,,,,,,,,,
score_ew,1,1911,1911,544.130822,-0.008725,-0.005921,0.094162,-0.09266,0.47776,-4.051708,-4.050648,0.090925,-0.018043,0.108968,1.109201,0.813012,3.055301,2.239447,0.046046,0.457599,-0.142753,-0.244929,-0.481802,0.097443,0.09282,0.081914,19.0,0.147997,37.29534,-0.221686,-0.445458,-0.818411,-2.480679
score_ew,2,1910,955,543.810471,-0.005002,-0.003465,0.096678,-0.051736,0.480628,-1.599417,-1.598864,0.097143,-0.004968,0.102111,1.134031,0.721959,3.120092,1.985864,0.052692,0.466101,-0.123879,-0.263675,-0.424763,0.102422,0.079489,0.110624,19.0,0.205922,25.946226,-0.133171,-0.288848,-0.54831,-1.445098
score_ew,3,1909,637,543.493452,-0.00324,-0.000636,0.098334,-0.032951,0.496595,-0.831633,-0.831532,0.103433,-7e-05,0.103502,1.213585,0.726804,3.330599,1.993047,0.059511,0.46843,-0.119091,-0.294868,-0.520652,0.103372,0.116756,0.127697,19.0,0.250748,21.062835,-0.098696,-0.225073,-0.435701,-1.071246
score_ew,5,1907,382,542.888306,-0.001448,0.002238,0.099579,-0.014541,0.513372,-0.284173,-0.283931,0.106485,-0.006493,0.112979,1.254764,0.792294,3.456072,2.182274,0.079837,0.46942,-0.116929,-0.299135,-0.571381,0.104717,0.188508,0.158697,19.0,0.32245,16.251459,-0.053665,-0.151174,-0.313688,-0.576035
score_ew,10,1902,191,541.450053,0.002463,0.004345,0.100423,0.024527,0.517876,0.338638,0.34189,0.100399,-0.018502,0.118901,1.239162,0.871497,3.396786,2.374539,0.107294,0.471573,-0.105677,-0.241249,-0.514828,0.097931,0.344043,0.20459,19.0,0.452615,11.4059,-0.009146,-0.077581,-0.19164,-0.10288
score_ew,21,1891,91,538.689582,0.008711,0.012452,0.098052,0.088844,0.556319,0.844857,0.842954,0.086329,-0.025459,0.111788,1.063228,0.852234,2.919217,2.308144,0.157899,0.476832,-0.120884,-0.207078,-0.458724,0.096613,0.464412,0.256297,19.0,0.635792,7.629499,0.012454,-0.033323,-0.109618,0.150841
score_ew,42,1870,45,533.622995,0.02031,0.022764,0.090327,0.224848,0.607487,1.506369,1.522424,0.078397,-0.049231,0.127628,1.002998,1.088405,2.744339,2.978678,0.227049,0.478003,-0.103118,-0.1471,-0.212796,0.075302,0.671753,0.369472,19.0,0.73651,4.419063,0.030293,0.003779,-0.040412,0.381262
score_ew,63,1849,30,529.003245,0.028627,0.030776,0.09178,0.31191,0.63656,1.699907,1.67447,0.070468,-0.056973,0.127441,0.933575,1.041703,2.559125,2.82169,0.255775,0.479804,-0.092469,-0.144279,-0.151524,0.066152,0.65034,0.439828,19.0,0.807523,3.23009,0.043986,0.024606,-0.007695,0.547137
score_ew,84,1828,22,525.576039,0.03883,0.041703,0.091953,0.422283,0.682713,1.98574,2.020291,0.075013,-0.061552,0.136565,1.045009,1.085644,2.716755,2.894031,0.296559,0.483457,-0.069029,-0.13705,0.035827,0.064649,0.681928,0.510885,19.0,0.855615,2.566845,0.065731,0.05033,0.024662,0.867478
score_ew,126,1786,15,518.355543,0.054463,0.058872,0.09413,0.578591,0.758119,2.205037,2.235537,0.079787,-0.063426,0.143213,0.95581,1.047747,2.555352,2.769208,0.375893,0.483431,-0.065131,-0.121703,-0.018505,0.069193,0.612682,0.648318,19.0,0.900885,1.80177,0.074946,0.064135,0.046117,0.883936
score_ew,189,1723,10,507.65119,0.066272,0.078079,0.100317,0.660625,0.770749,2.032736,2.123437,0.079805,-0.060594,0.140399,0.772243,0.834236,1.995339,2.115183,0.391414,0.473823,-0.088123,-0.160633,-0.630902,0.125804,0.43369,0.80379,18.0,0.904437,1.205916,0.073029,0.065794,0.053735,0.655614
score_ug,1,1680,1680,582.318452,0.028009,0.027751,0.121012,0.231457,0.6,9.489735,9.48691,-0.001561,-0.091884,0.090323,-0.01899,0.587732,-0.049046,1.51797,0.028564,0.462981,-0.313138,-0.525628,0.022196,0.106201,0.033004,0.081914,19.0,0.125744,31.687612,-0.179413,-0.369539,-0.686415,-1.866822
score_ug,2,1679,840,581.983919,0.029915,0.03062,0.128328,0.233114,0.608696,6.757297,6.753098,-0.003983,-0.088459,0.084476,-0.046369,0.528118,-0.121439,1.361607,0.042879,0.466824,-0.319027,-0.515415,-0.070936,0.11017,0.033229,0.110624,19.0,0.176073,22.185201,-0.096752,-0.229864,-0.451716,-0.962871
score_ug,3,1678,560,581.651371,0.030635,0.034952,0.132073,0.231958,0.618594,5.488943,5.48269,-0.005835,-0.090948,0.085114,-0.067074,0.521128,-0.173572,1.345903,0.054885,0.466294,-0.330905,-0.508161,-0.100619,0.113212,0.047844,0.127697,19.0,0.216193,18.160234,-0.062669,-0.171631,-0.353233,-0.617125
score_ug,5,1676,336,581.020883,0.031653,0.034469,0.135545,0.233526,0.607399,4.278813,4.273662,-0.00574,-0.093255,0.087515,-0.063848,0.529351,-0.166229,1.366694,0.06739,0.46594,-0.322274,-0.484353,-0.240119,0.116941,0.064217,0.158697,19.0,0.280612,14.142844,-0.034379,-0.119236,-0.260665,-0.33652
score_ug,10,1671,168,579.534411,0.033478,0.0376,0.137586,0.243322,0.623579,3.149411,3.137619,-0.007576,-0.09816,0.090585,-0.084011,0.545173,-0.213127,1.407093,0.083583,0.462354,-0.314413,-0.455118,-0.537813,0.124497,0.115899,0.20459,19.0,0.395592,9.968917,-0.01818,-0.077994,-0.177683,-0.184387
score_ug,21,1660,80,576.694578,0.035643,0.046011,0.144204,0.247169,0.621687,2.202847,2.191466,-0.010919,-0.090808,0.079889,-0.115521,0.453273,-0.299046,1.165025,0.088981,0.462727,-0.294325,-0.419765,-0.398463,0.132265,0.141997,0.256297,19.0,0.557505,6.690055,-0.013301,-0.053441,-0.120342,-0.124225
score_ug,42,1639,40,571.483221,0.036325,0.048863,0.150073,0.242046,0.632703,1.519,1.494775,-0.011022,-0.067066,0.056044,-0.104503,0.302146,-0.281875,0.774367,0.099466,0.458423,-0.280877,-0.414666,-0.275794,0.136388,0.069131,0.369472,19.0,0.682091,4.092544,-0.007344,-0.031899,-0.072825,-0.06235
score_ug,63,1618,26,566.783684,0.042362,0.060287,0.15466,0.273904,0.665019,1.397618,1.364714,-0.005265,-0.062252,0.056988,-0.045856,0.295551,-0.124676,0.750188,0.133236,0.460261,-0.268771,-0.401544,-0.578995,0.147211,0.086519,0.439828,19.0,0.763977,3.055907,0.010452,-0.007884,-0.038443,0.09653
score_ug,84,1597,20,563.440827,0.04727,0.065935,0.152475,0.310016,0.681904,1.364185,1.354841,-0.003299,-0.056075,0.052776,-0.023893,0.267337,-0.07455,0.682917,0.143462,0.457983,-0.260623,-0.387414,-0.787326,0.155089,0.078298,0.510885,19.0,0.809105,2.427315,0.015963,0.001399,-0.022874,0.129089
score_ug,126,1555,13,556.493248,0.05128,0.079227,0.142479,0.359912,0.699678,1.282217,1.220597,-0.009021,-0.049083,0.040061,-0.06697,0.195039,-0.183868,0.504565,0.15302,0.448838,-0.254994,-0.337881,-0.837277,0.15775,0.055423,0.648318,19.0,0.863131,1.726263,0.021677,0.011319,-0.005943,0.182437
score_ug,189,1492,8,546.315013,0.046694,0.084335,0.13489,0.346163,0.75067,0.994141,0.952457,-0.029411,-0.033501,0.00409,-0.208024,0.045578,-0.538164,0.044217,0.153473,0.425523,-0.210367,-0.265508,-1.488299,0.257453,,0.80379,18.0,0.887302,1.183069,0.000637,-0.006462,-0.018292,0.045166
skew_f,1,1911,1911,544.130822,-0.016489,-0.016105,0.072115,-0.228656,0.41235,-9.998312,-9.995696,0.009794,-0.065201,0.074995,0.165766,0.708527,0.456603,1.951641,0.014452,0.434638,-0.14099,-0.218219,-0.543725,0.076992,,,,,,,,,
skew_f,2,1910,955,543.810471,-0.013838,-0.011043,0.073971,-0.187075,0.439791,-5.783466,-5.780085,0.005621,-0.058629,0.06425,0.093759,0.596044,0.258595,1.64192,0.01518,0.43986,-0.161794,-0.22701,-0.422045,0.076097,,,,,,,,,
skew_f,3,1909,637,543.493452,-0.013122,-0.010194,0.074913,-0.175167,0.437926,-4.420896,-4.41651,0.006583,-0.059689,0.066272,0.112215,0.625779,0.305196,1.710085,0.016817,0.442885,-0.171089,-0.229352,-0.386918,0.074323,,,,,,,,,
skew_f,5,1907,382,542.888306,-0.012597,-0.009798,0.07578,-0.166226,0.44258,-3.248512,-3.243046,0.009749,-0.058631,0.06838,0.163424,0.648643,0.450468,1.785918,0.017667,0.443416,-0.166589,-0.210635,-0.279692,0.071491,,,,,,,,,
skew_f,10,1902,191,541.450053,-0.011112,-0.00738,0.075381,-0.147413,0.461094,-2.035321,-2.038172,0.010135,-0.059917,0.070052,0.174197,0.69173,0.479883,1.908166,0.029124,0.441103,-0.141233,-0.173159,-0.311683,0.06783,,,,,,,,,
skew_f,21,1891,91,538.689582,-0.010902,-0.005988,0.07847,-0.138927,0.474352,-1.321117,-1.306988,-0.001921,-0.060773,0.058853,-0.03816,0.581061,-0.090421,1.598688,0.035014,0.441095,-0.138896,-0.172867,0.050287,0.060861,,,,,,,,,
skew_f,42,1870,45,533.622995,-0.011587,-0.004872,0.080789,-0.143425,0.475936,-0.960878,-0.948885,-0.00663,-0.060007,0.053377,-0.103169,0.511353,-0.279347,1.403609,0.026006,0.434606,-0.153127,-0.167148,-0.015869,0.05983,,,,,,,,,
skew_f,63,1849,30,529.003245,-0.011288,-0.002459,0.082655,-0.136571,0.481882,-0.744309,-0.734386,-0.011193,-0.058931,0.047738,-0.15206,0.434433,-0.428235,1.155724,0.017847,0.424518,-0.170983,-0.173018,0.224526,0.056913,,,,,,,,,
skew_f,84,1828,22,525.576039,-0.008455,0.002331,0.082167,-0.102904,0.518053,-0.483895,-0.467251,-0.008818,-0.054657,0.045839,-0.118461,0.372633,-0.309509,1.040562,0.037444,0.419724,-0.172126,-0.174809,0.37946,0.055177,,,,,,,,,
skew_f,126,1786,15,518.355543,-0.004285,0.004399,0.074924,-0.05719,0.519597,-0.217953,-0.206268,-0.003059,-0.043369,0.04031,-0.06397,0.349122,-0.106511,0.928691,0.077179,0.42119,-0.153471,-0.154849,0.402677,0.055244,,,,,,,,,
skew_f,189,1723,10,507.65119,0.001995,0.013338,0.06607,0.030196,0.551364,0.092913,0.15516,-0.004814,-0.031498,0.026685,-0.069204,0.268156,-0.15909,0.517956,0.134688,0.415174,-0.147502,-0.22381,-0.759759,0.090958,,,,,,,,,
