factor,h,ic,t,null_t95,keep,n_dates,n_null
mom_1_0,5,-0.015843162140849104,-2.618858266430866,1.844427870414273,True,293,426
mom_2_0,5,-0.008338249474313447,-1.244462499747562,1.7719465924602857,False,293,426
mom_3_1,5,0.01086625507797004,1.713836554362824,1.8443552500528955,False,293,426
mom_6_1,5,0.016149260425927944,2.2613108179943637,2.290104575552591,False,293,426
mom_12_1,5,0.021176857169296088,2.555168873535253,3.1042121848729503,False,293,426
mom_12_6,5,0.0191102892078795,2.8614501908565613,2.5797655297796727,True,293,426
mom_9_1,5,0.0223204381531272,2.827161604411597,2.9462041194538062,False,293,426
mom_accel,5,-0.013290840512562027,-2.242490960013013,2.3377660399090794,False,293,426
vol_20,5,-0.030801539790799172,-3.825195066254561,3.568350821104443,True,293,426
vol_60,5,-0.03424552429024025,-3.736490690605108,3.6391759973220483,True,293,426
vol_252,5,-0.03638445099165808,-3.6692644218560906,3.5177765035771476,True,293,426
vol_ratio_20_120,5,-0.004555289018127607,-1.0889292006593476,2.0657097005729854,False,293,426
voladj_mom_6_1,5,0.021036321629079393,3.183866880680316,1.7895116789097303,True,293,426
voladj_mom_12_1,5,0.0237460631049286,3.0670841417487718,2.435374781640216,True,293,426
mom_consist_126,5,0.027881884551332028,4.832308157684728,3.395712319834403,True,293,426
fip_6,5,0.002510233475729988,0.5770490329803128,2.627271928116193,False,293,426
intraday_mom_126,5,0.020998899834021784,3.377928914521107,1.901545962213246,True,293,426
overnight_mom_126,5,-0.012068432082285077,-2.1886436077511946,3.769408544852236,False,293,426
intraday_mom_21,5,-0.010892639800923727,-1.8794506558504145,2.06818335414148,False,293,426
overnight_mom_21,5,-0.011382297560864575,-2.550504186978439,3.101107415795778,False,293,426
prox_52w,5,0.03129357507159588,3.608906031770716,2.539154910785904,True,293,426
prox_52w_now,5,0.019512132429372022,2.190622500752352,2.338626990156454,False,293,426
dist_low_52w,5,-0.002022394249781216,-0.30524831995571244,3.2173838737869627,False,293,426
rev_1w,5,-0.030538578271335104,-5.39605782251849,1.8302915440408631,True,293,426
rev_2w,5,-0.022038210632830617,-3.6968965855768716,1.767845212846682,True,293,426
rev_1m_scaled,5,-0.015349480077716172,-2.8272036281875814,1.7907242091212667,True,293,426
max5_21,5,-0.03211738706676493,-4.690012927370336,3.3982459760687025,True,293,426
min5_21,5,0.02144423953105551,2.428599434557668,3.3791786907347783,False,293,426
beta_126,5,-0.0024643720143307647,-0.28744759281845583,2.7136672740377854,False,257,391
beta_252,5,0.0016920598128312737,0.18490669525943365,2.5437863332789377,False,221,355
beta_down,5,-0.005395389392207036,-0.5986014754432042,2.801893385873298,False,260,394
idio_vol_126,5,-0.028689970116516802,-2.923736105168608,3.7945342514580807,False,239,373
idio_skew_126,5,-0.012892761663076688,-2.7404213732015874,4.292685837679508,False,239,373
ret_skew_126,5,-0.010496057687979536,-2.502312242175366,3.9196481146256192,False,293,426
ret_kurt_126,5,-0.018742049244714336,-5.220911182275767,2.491605115777365,True,293,426
resid_mom_252_21,5,0.0068679438148251445,1.306801373075614,2.2172919902457453,False,221,355
resid_mom_126_21,5,-0.002273035601369934,-0.4553648679642096,2.146540873374159,False,239,373
resid_rev_21,5,-0.021895702663122997,-4.182447655443536,1.963355526613792,True,239,373
downside_vol_60,5,-0.029687978711268805,-3.62890242880861,3.173143842679323,True,293,426
max_dd_120,5,0.03401864877660296,3.6538932986469455,3.272169300007702,True,293,426
ulcer_120,5,-0.03481473192412409,-3.9822478939659294,3.158037223535954,True,293,426
max_dd_252,5,0.03509325088239493,3.666585561779335,6.000733204695646,False,293,426
ulcer_252,5,-0.03389429609511722,-3.69858436253748,5.899211001291335,False,293,426
parkinson_60,5,-0.030262983258529632,-3.336382315542279,3.799144552356429,False,293,426
garman_klass_60,5,-0.02931247262054552,-3.2855529574411344,3.834689996820206,False,293,426
atr_pct_14,5,-0.026412848147283532,-2.980009349731751,3.721459698273779,False,293,426
log_adtv_60,5,0.00013978499062235986,0.025571992448868968,3.5918231169901693,False,293,426
turnover_trend,5,0.0006928539328151343,0.13861431660082346,1.9109351849018548,False,293,426
amihud_60,5,-0.011044261186011019,-1.7604314418818745,4.552548396784639,False,293,426
amihud_trend,5,-0.002309608584689499,-0.464048613719391,2.7147939367707257,False,293,426
zero_ret_60,5,0.006248834289473576,1.5923899567713322,2.566250417007813,False,293,426
avg_trade_size,5,0.013447404839754635,2.0463378956406055,4.143348087432481,False,293,426
volume_shock_5,5,-0.00032079375352488934,-0.06839904517665196,1.8907786473692076,False,293,426
vol_of_turnover,5,-0.01726894532926905,-3.3569874533091,4.820961273393808,False,293,426
cs_spread_60,5,-0.014761717383348253,-2.1064546743848855,3.5205794250644242,False,293,426
deliv_pct_60,5,0.01939905122122234,2.526275539010522,2.3477191104259134,True,244,378
deliv_trend,5,0.01612066017238053,3.411599632974886,2.2187241145163186,True,235,369
deliv_z_21,5,0.025333826057150344,4.978522118010017,2.227605975115376,True,222,356
deliv_chg_5,5,0.024921398516030435,6.36646641146937,2.024064126989687,True,244,378
deliv_x_turnover,5,0.019038549231568842,2.4001952764763614,2.823421653620455,False,244,378
deliv_value_trend,5,-0.0006999902626303692,-0.125925431125858,2.026849749147845,False,235,369
dist_50dma,5,-0.016190110235830762,-2.4820058437881665,1.8187250948943579,True,293,426
dist_200dma,5,0.009988371896089613,1.2435470304571594,2.425752544638672,False,293,426
ma_50_200,5,0.01979932579965046,2.5254744702380227,2.5299199130092895,False,293,426
price_vs_vwap_20,5,-0.023975812505798683,-3.937601110064722,1.8523999648391614,True,293,426
rsi_14,5,-0.018334642343518236,-3.618889556352231,1.8974654282615409,True,293,426
trend_r2_120,5,0.00612862694706139,1.2293011902329207,2.112345617192804,False,293,426
trend_slope_120,5,0.014777142482434872,2.025001388314597,2.141462877577858,False,293,426
seasonal_same_month,5,-0.002577755384233409,-0.4413581738089992,5.398472694530213,False,293,426
mom_1_0,10,-0.013457358601232556,-2.2910255202482475,2.3181737324688743,False,293,426
mom_2_0,10,-0.005327898852489405,-0.8339390367553288,2.5101211491224316,False,293,426
mom_3_1,10,0.01482990145019294,2.332844151973515,2.6866355670484667,False,293,426
mom_6_1,10,0.020728188096351557,2.820334553935318,3.347537904673567,False,293,426
mom_12_1,10,0.029794025723401143,3.476439965201761,4.389585592349481,False,293,426
mom_12_6,10,0.026351798197601285,3.808658570438341,3.556697729725712,True,293,426
mom_9_1,10,0.02946993201093561,3.614256332614589,4.1448630919630265,False,293,426
mom_accel,10,-0.01767994476189741,-2.908593573763588,3.0735512009071297,False,293,426
vol_20,10,-0.02761763772941876,-3.6728761085459944,3.964833445297122,False,293,426
vol_60,10,-0.03219676426742574,-3.604153247675192,3.928260024627784,False,293,426
vol_252,10,-0.034694688021160915,-3.517982117333041,3.769166475921401,False,293,426
vol_ratio_20_120,10,-0.0017235846491197519,-0.4167809313968195,2.6843972699026906,False,293,426
voladj_mom_6_1,10,0.024974847052834766,3.611897304713731,2.71872378569902,True,293,426
voladj_mom_12_1,10,0.03141869164308405,3.8804581213505376,3.6900795247821137,True,293,426
mom_consist_126,10,0.029879638209646172,5.028644448061827,3.4311059167528777,True,293,426
fip_6,10,0.0019457630693243014,0.43046617629711664,3.6273017722581375,False,293,426
intraday_mom_126,10,0.025793365533885268,3.915708166977118,2.4374192104624095,True,293,426
overnight_mom_126,10,-0.010151184445309812,-1.8785019062703163,4.953007273386831,False,293,426
intraday_mom_21,10,-0.01000353399596129,-1.7665311423230132,2.509488751356037,False,293,426
overnight_mom_21,10,-0.007816847663381022,-1.7628721156961258,3.9843905203100993,False,293,426
prox_52w,10,0.03555522542068054,3.9609864439161124,2.719472912202202,True,293,426
prox_52w_now,10,0.02696767059914725,2.9434177663977623,2.4950171849227294,True,293,426
dist_low_52w,10,0.0052175295364416206,0.7938520693159903,4.035481899321642,False,293,426
rev_1w,10,-0.02288746870437445,-4.029475054154323,1.799685781194392,True,293,426
rev_2w,10,-0.01724465598022249,-3.010326778485554,2.173214733493988,True,293,426
rev_1m_scaled,10,-0.01290011112507898,-2.415618861317422,2.3254347243859774,True,293,426
max5_21,10,-0.028411227306448586,-4.486670797192666,3.969062793259939,True,293,426
min5_21,10,0.020115570913943243,2.3468783521321237,3.7382031685725647,False,293,426
beta_126,10,0.0015312384721993966,0.18545348326052305,3.321821636605046,False,257,391
beta_252,10,0.0077218444910565585,0.8899505070532142,2.9357027073004276,False,221,355
beta_down,10,-0.0017213385315625867,-0.19166357959181993,3.314490188457741,False,260,394
idio_vol_126,10,-0.02493677882152364,-2.606425874354598,4.1012884300139865,False,239,373
idio_skew_126,10,-0.010529244533660203,-2.300343957712068,5.216260981124499,False,239,373
ret_skew_126,10,-0.007697032045467391,-1.916960627549868,4.592823719302554,False,293,426
ret_kurt_126,10,-0.02291874494467274,-6.644823427115904,3.3720219676428065,True,293,426
resid_mom_252_21,10,0.011464783828005422,2.3497256109014115,3.3751927021077877,False,221,355
resid_mom_126_21,10,-0.003832775081760058,-0.7451098862152401,3.037811915658018,False,239,373
resid_rev_21,10,-0.01732620522341271,-3.375500784364852,2.509895793432845,True,239,373
downside_vol_60,10,-0.029632445378419026,-3.7849807746124897,3.7234336471296867,True,293,426
max_dd_120,10,0.03654583765815244,3.776163166519198,3.4644384528182472,True,293,426
ulcer_120,10,-0.03898521350536311,-4.22143412903818,3.248282810402406,True,293,426
max_dd_252,10,0.037080166259990485,3.7828424816875517,6.754233142558441,False,293,426
ulcer_252,10,-0.036759524378852104,-3.8747964817627847,6.660245847862384,False,293,426
parkinson_60,10,-0.02658934436923611,-2.9541558133097645,4.042145823837935,False,293,426
garman_klass_60,10,-0.025352672297256403,-2.861089641747566,4.05071411133795,False,293,426
atr_pct_14,10,-0.02219903592375896,-2.61406256544875,3.977989024415341,False,293,426
log_adtv_60,10,-0.007042068887979028,-1.3102520226086602,4.366010151663996,False,293,426
turnover_trend,10,0.0022296870978938616,0.47248358916481825,2.319549415717537,False,293,426
amihud_60,10,-0.003348429022858949,-0.5378591311383161,5.424857502303414,False,293,426
amihud_trend,10,-0.005463047460203159,-1.131034334612741,3.360037624375511,False,293,426
zero_ret_60,10,0.009858254902514643,2.4896232144769455,3.758367790505315,False,293,426
avg_trade_size,10,0.008601040936562172,1.3109998387045019,4.893513003246587,False,293,426
volume_shock_5,10,0.0002532947632420172,0.0550659937238436,2.5187989007725298,False,293,426
vol_of_turnover,10,-0.013996975502697583,-2.8122529478386515,5.798561339765114,False,293,426
cs_spread_60,10,-0.009452474748271223,-1.3407129183740365,3.8828625241464105,False,293,426
deliv_pct_60,10,0.021078268733375496,2.899599621389197,2.6525633996243854,True,244,378
deliv_trend,10,0.015109142200739788,3.354584584208014,3.003233041180034,True,235,369
deliv_z_21,10,0.02750342013972925,5.839043339318072,2.9055064131686987,True,222,356
deliv_chg_5,10,0.023519067356213022,6.257538482537167,2.455108595805502,True,244,378
deliv_x_turnover,10,0.019077535711395133,2.505296740449514,3.2433543049047593,False,244,378
deliv_value_trend,10,0.00014994115347268658,0.02951335092686891,2.656418263084841,False,235,369
dist_50dma,10,-0.012080007173601939,-1.9037577503573222,2.4071386580440213,False,293,426
dist_200dma,10,0.01824607729079008,2.263066782160805,3.5478163994549723,False,293,426
ma_50_200,10,0.02701715455886296,3.3682963614570465,3.838854344717218,False,293,426
price_vs_vwap_20,10,-0.019017438825018607,-3.15219462508478,2.1480326940732146,True,293,426
rsi_14,10,-0.013707146718195172,-2.6917498283704715,2.3056197299293157,True,293,426
trend_r2_120,10,0.010814010272202305,2.1436568080983,3.0554770884838875,False,293,426
trend_slope_120,10,0.021392964246125804,2.9485228381787008,3.325843605384075,False,293,426
seasonal_same_month,10,-0.006100112620489318,-0.9905754415826133,6.1644428279488075,False,293,426
mom_1_0,21,-0.011342187775258786,-1.9498096150880848,3.0006440518248394,False,293,426
mom_2_0,21,0.006743925028154129,1.0390329264333742,3.101140075602564,False,293,426
mom_3_1,21,0.019824999500181493,3.1212970171006753,3.306753660178963,False,293,426
mom_6_1,21,0.027980683021900744,3.666857648869079,4.096148695206389,False,293,426
mom_12_1,21,0.04108053044563846,4.5233525232305345,5.282580884313153,False,293,426
mom_12_6,21,0.034672680639676656,4.6387313818469105,4.6607726616006815,False,293,426
mom_9_1,21,0.04119857514067322,4.791175479808334,5.224618939185706,False,293,426
mom_accel,21,-0.024184377014645948,-3.7461575718048796,4.1428190393485025,False,293,426
vol_20,21,-0.020295640451749256,-2.7923633127681824,4.692912812471829,False,293,426
vol_60,21,-0.02940459864061376,-3.29373730815838,4.88132797224703,False,293,426
vol_252,21,-0.03259114498912572,-3.2767725007723554,4.34947809284894,False,293,426
vol_ratio_20_120,21,0.004169508911973405,1.0694400643370903,3.509155077772558,False,293,426
voladj_mom_6_1,21,0.03114318200323361,4.338837823323571,3.5512055938413383,True,293,426
voladj_mom_12_1,21,0.04183330315737314,4.827615479762138,4.804106279399179,True,293,426
mom_consist_126,21,0.03303857636211028,5.352775481531212,4.296267779805829,True,293,426
fip_6,21,0.0027709446431488675,0.6216879003372087,4.880215287759249,False,293,426
intraday_mom_126,21,0.03367563921659389,4.914046426545185,3.4321217164068782,True,293,426
overnight_mom_126,21,-0.009721481035208921,-1.8546583536523193,5.998397631935627,False,293,426
intraday_mom_21,21,-0.009706833781562297,-1.673418286957828,2.885694424715718,False,293,426
overnight_mom_21,21,-0.0036102782584038016,-0.7679747516541826,4.81449109119399,False,293,426
prox_52w,21,0.045332128252323245,4.85345929464757,3.0964348999751303,True,293,426
prox_52w_now,21,0.03726336027938175,3.910916011785131,3.050665210947932,True,293,426
dist_low_52w,21,0.01779338170284304,2.692247316815992,4.747882468039811,False,293,426
rev_1w,21,-0.013507180391130929,-2.6399992269825403,1.9089989131604395,True,293,426
rev_2w,21,-0.010195381719600546,-1.8831149138848613,2.3634126694331945,False,293,426
rev_1m_scaled,21,-0.009371686313680959,-1.7979755141936515,3.205157769061488,False,293,426
max5_21,21,-0.021898442085511182,-3.62618862247661,4.656777882104487,False,293,426
min5_21,21,0.015461297299856548,1.823436480943463,4.513296490684063,False,293,426
beta_126,21,0.007439638426499274,0.9203628562180742,5.006529507389887,False,257,391
beta_252,21,0.015276105968905482,1.8158104620788584,3.437417358055774,False,221,355
beta_down,21,0.004066091746897755,0.4501656086068736,4.5519805957824255,False,260,394
idio_vol_126,21,-0.018999750418422914,-1.9598415728563103,4.804807213874202,False,239,373
idio_skew_126,21,-0.010267305642484507,-2.2674353459899685,6.632715687872387,False,239,373
ret_skew_126,21,-0.007705313899676418,-2.0114066014158083,5.803774816648622,False,293,426
ret_kurt_126,21,-0.02920129729723016,-8.289612959452153,4.709741299796844,True,293,426
resid_mom_252_21,21,0.023352394464147212,4.811075733740797,6.02511437697061,False,221,355
resid_mom_126_21,21,-0.0034664313331370985,-0.6046791196721234,4.180065285559242,False,239,373
resid_rev_21,21,-0.015131518678216885,-3.3207559001837734,3.062580534383558,True,239,373
downside_vol_60,21,-0.029328032331256332,-3.7559617872621267,4.802634777629347,False,293,426
max_dd_120,21,0.04006013405621533,3.9546200106186022,3.836939943614946,True,293,426
ulcer_120,21,-0.04358974878466934,-4.4767482461217405,3.4760910486144,True,293,426
max_dd_252,21,0.036695654670103064,3.603439698006979,8.29184191991148,False,293,426
ulcer_252,21,-0.03857205990381325,-3.8273220554885867,8.288341923957965,False,293,426
parkinson_60,21,-0.021430350011771026,-2.3973809622481705,4.905204482801255,False,293,426
garman_klass_60,21,-0.019795100473250025,-2.2548819974186283,4.945268846521165,False,293,426
atr_pct_14,21,-0.01329477812340109,-1.6171562749826278,4.569061538346056,False,293,426
log_adtv_60,21,-0.014856608973216978,-2.813654532926535,5.930516947553649,False,293,426
turnover_trend,21,0.005843232342180231,1.2744056011639302,3.1722685226824145,False,293,426
amihud_60,21,0.006507934966691625,1.1034420945769292,6.82549075735427,False,293,426
amihud_trend,21,-0.009325777299041474,-1.8396734670027675,3.883653291015367,False,293,426
zero_ret_60,21,0.014050716957347944,3.3673399041595298,5.260517227001703,False,293,426
avg_trade_size,21,0.0019659790024941395,0.30919159976999877,6.201732481215894,False,293,426
volume_shock_5,21,0.00516109964461689,1.193825326841991,3.0039420194097244,False,293,426
vol_of_turnover,21,-0.008669185944047983,-1.8663192734194116,7.177470661577285,False,293,426
cs_spread_60,21,-0.0037922037332571486,-0.5568870908263318,5.584271832354558,False,293,426
deliv_pct_60,21,0.024644961333247974,3.4073964154688463,3.699761316432562,False,244,378
deliv_trend,21,0.013346171141605266,3.169853569983387,4.2630219164316285,False,235,369
deliv_z_21,21,0.02758297257517274,6.240863328785471,4.264776468437024,True,222,356
deliv_chg_5,21,0.015217763927451977,4.092171776568754,3.1382804734459513,True,244,378
deliv_x_turnover,21,0.02043804128361155,2.6988422415045368,3.813758179648344,False,244,378
deliv_value_trend,21,0.002893447973335626,0.5915925879564894,3.713404873506845,False,235,369
dist_50dma,21,-0.004034083921064328,-0.6439359736023276,3.1357185512745813,False,293,426
dist_200dma,21,0.029652662048270242,3.5945237014882476,4.576429027325715,False,293,426
ma_50_200,21,0.03550901600170408,4.285045123297779,4.638418908472501,False,293,426
price_vs_vwap_20,21,-0.012776360135746264,-2.258914651113216,2.7263953613180796,False,293,426
rsi_14,21,-0.009250279977693458,-1.8452440731481947,2.763757800924667,False,293,426
trend_r2_120,21,0.015469908191526016,3.0020083420499772,3.944949943494766,False,293,426
trend_slope_120,21,0.029124138823670875,3.985645493601061,4.3873100007654475,False,293,426
seasonal_same_month,21,-0.00806327239054578,-1.2345060237689784,9.893116251600034,False,293,426
mom_1_0,42,0.002875636755386808,0.5215849491827819,3.097344227071485,False,293,426
mom_2_0,42,0.020211775614254163,3.296903625431863,4.111438256604747,False,293,426
mom_3_1,42,0.02923854000207693,4.8059655133542565,4.1983419315266985,True,293,426
mom_6_1,42,0.040052765184383894,5.837298986263686,6.1871186602105785,False,293,426
mom_12_1,42,0.05811840516380624,6.854720936371353,8.823240583361093,False,293,426
mom_12_6,42,0.044745109622774275,5.929103339425547,7.362262652514323,False,293,426
mom_9_1,42,0.057718446839745835,7.020869693337996,7.444829458134038,False,293,426
mom_accel,42,-0.034697618459258076,-5.6080061583523735,6.0721414905607105,False,293,426
vol_20,42,-0.011328766507674785,-1.5180103420040443,7.660385968588414,False,293,426
vol_60,42,-0.02865327232535922,-3.082263434855628,8.118372053715074,False,293,426
vol_252,42,-0.027454995209091133,-2.739499800686261,7.6557813281430604,False,293,426
vol_ratio_20_120,42,0.009826984393490426,2.4804488178245485,4.332610478310555,False,293,426
voladj_mom_6_1,42,0.04194315445082286,6.423155369506388,4.735007945543401,True,293,426
voladj_mom_12_1,42,0.058437010361337124,7.1816295135544,6.98606663597221,True,293,426
mom_consist_126,42,0.040807413022623966,7.075705616654204,5.613825629244199,True,293,426
fip_6,42,0.009173126622186301,2.318308260617237,6.763161237894683,False,293,426
intraday_mom_126,42,0.044946446470790935,6.820222513530634,4.712192487117102,True,293,426
overnight_mom_126,42,-0.0020704474744518498,-0.3825836549275863,8.639146490059582,False,293,426
intraday_mom_21,42,0.0033680243958971196,0.614057589483992,3.2680413455523936,False,293,426
overnight_mom_21,42,-0.001059370506074298,-0.2269520417564668,6.653740247491403,False,293,426
prox_52w,42,0.05771836305634217,6.703012083661758,4.328999152699171,True,293,426
prox_52w_now,42,0.05174618908967206,5.937927616243285,4.56071561385024,True,293,426
dist_low_52w,42,0.04071018578865891,6.572213599435836,7.658469774789377,False,293,426
rev_1w,42,-0.005636696307315642,-1.0931967074202968,1.867170056290582,False,293,426
rev_2w,42,-0.0031737138709488806,-0.6020069890361671,2.233408803982228,False,293,426
rev_1m_scaled,42,0.004768068988016901,0.967631240398063,3.517253663407904,False,293,426
max5_21,42,-0.008855008968422841,-1.3845736806216142,7.082701036796169,False,293,426
min5_21,42,0.014353685609194724,1.7563333973321393,6.687188598916893,False,293,426
beta_126,42,0.020315510181097753,2.5570936347595175,7.245015379229811,False,257,391
beta_252,42,0.029736114421506334,3.7066516905583518,5.610923718950316,False,221,355
beta_down,42,0.0124176541341658,1.4484943378547037,6.1531131936665515,False,260,394
idio_vol_126,42,-0.004895029166604214,-0.5041441689794357,8.942910560576559,False,239,373
idio_skew_126,42,-0.011129658900964873,-2.348742620246806,9.448910360461232,False,239,373
ret_skew_126,42,-0.007970340432061076,-2.0768319644537563,7.524016185638594,False,293,426
ret_kurt_126,42,-0.03458951496207493,-9.512196840301911,6.8639683471369395,True,293,426
resid_mom_252_21,42,0.03560776252759339,7.034782685555816,16.96767950467586,False,221,355
resid_mom_126_21,42,-0.0048660752593233875,-0.718977459366555,5.452356861845132,False,239,373
resid_rev_21,42,-0.011194627947311308,-2.5303685371689175,3.3795953067831572,False,239,373
downside_vol_60,42,-0.02867165959052709,-3.520097982614356,7.62371885065582,False,293,426
max_dd_120,42,0.04441061020779037,4.381030610435433,5.208307320405245,False,293,426
ulcer_120,42,-0.050008378973502764,-5.144511047647416,4.992895638409973,True,293,426
max_dd_252,42,0.036666734975489376,3.686089438132092,11.061650629025849,False,293,426
ulcer_252,42,-0.041634419585651894,-4.218194569415148,11.576980676572942,False,293,426
parkinson_60,42,-0.017378874547427276,-1.9191514462719101,8.724559263599112,False,293,426
garman_klass_60,42,-0.015177026875671936,-1.7133563046116451,8.939447036478176,False,293,426
atr_pct_14,42,-0.005921252961627315,-0.728045309613859,8.264673197129376,False,293,426
log_adtv_60,42,-0.023729993060133465,-4.547418064995278,9.107145060566618,False,293,426
turnover_trend,42,0.01193660080193026,2.782360237926441,4.154825681239735,False,293,426
amihud_60,42,0.01675146434937637,3.0632990757910106,9.845638373592429,False,293,426
amihud_trend,42,-0.01582091931427906,-3.087015269810197,5.508872909670975,False,293,426
zero_ret_60,42,0.015332216006914324,3.4587013533161417,7.9790623972449275,False,293,426
avg_trade_size,42,-0.007349080851831253,-1.2118945157018852,9.084851324968932,False,293,426
volume_shock_5,42,0.01592899462533252,3.9335506919305105,3.2176882834507037,True,293,426
vol_of_turnover,42,-0.0048499903163473634,-1.043735454390134,9.531106921804756,False,293,426
cs_spread_60,42,0.0008149944555196837,0.11949967203939876,10.157128814628253,False,293,426
deliv_pct_60,42,0.025286294519094525,3.518428380925058,5.579726720987398,False,244,378
deliv_trend,42,0.012064077579087278,2.822588737202208,5.547327190931563,False,235,369
deliv_z_21,42,0.02610789204505641,6.130565736584973,5.814593939496266,True,222,356
deliv_chg_5,42,0.010408125321084573,2.728434115033344,3.5575047879679262,False,244,378
deliv_x_turnover,42,0.018675755910754696,2.549941887198994,5.541319304433001,False,244,378
deliv_value_trend,42,0.0060865208789745405,1.340182162715499,4.683646976661635,False,235,369
dist_50dma,42,0.011875985845986498,2.014367543730775,3.8817624246022433,False,293,426
dist_200dma,42,0.04728315257797642,6.173654058815281,6.3404711776049085,False,293,426
ma_50_200,42,0.05071635665620643,6.558237470595162,7.017913737844821,False,293,426
price_vs_vwap_20,42,-0.00218356428800459,-0.39674031775581986,2.7255268685962584,False,293,426
rsi_14,42,0.0004972548259586203,0.10556773458764354,2.716005308265327,False,293,426
trend_r2_120,42,0.01952801331833369,4.329712669349864,5.691610969811016,False,293,426
trend_slope_120,42,0.041465304286986006,6.214229930796808,6.220909667775482,False,293,426
seasonal_same_month,42,-0.007322354685350463,-1.222131690181411,15.208437547497553,False,293,426
mom_1_0,63,0.017684577360305938,3.080722666652977,3.3584006227468013,False,293,426
mom_2_0,63,0.03254247713236226,5.340616576506246,4.48348564264998,True,293,426
mom_3_1,63,0.03445678025071631,5.824106279838968,4.618471509797274,True,293,426
mom_6_1,63,0.051625129980329074,7.390191074670262,7.08099381594912,True,293,426
mom_12_1,63,0.0689464898352474,8.083794986657258,12.067914900280096,False,293,426
mom_12_6,63,0.04898554927775424,6.580446362399706,9.435357200528735,False,293,426
mom_9_1,63,0.06737169745759405,8.26055171858165,8.975163377431564,False,293,426
mom_accel,63,-0.04599272137290921,-7.358904434345785,7.296473523137349,True,293,426
vol_20,63,-0.013754590249988576,-1.7565684577670457,9.12796680742471,False,293,426
vol_60,63,-0.026242197446925818,-2.7369867175214164,10.07809920613738,False,293,426
vol_252,63,-0.02422867344936452,-2.4225557223674317,9.905962135963502,False,293,426
vol_ratio_20_120,63,0.0026396235454328753,0.6598654324707255,4.567747969292526,False,293,426
voladj_mom_6_1,63,0.05240818190615904,7.973976226225842,5.375124242368318,True,293,426
voladj_mom_12_1,63,0.06858833411940081,8.404110610076604,9.404956537922033,False,293,426
mom_consist_126,63,0.0454950390496654,7.956128502679291,7.005712622529263,True,293,426
fip_6,63,0.013261357946256323,3.4394718259060277,7.906549806097993,False,293,426
intraday_mom_126,63,0.056568754513789635,8.418507452123281,5.615481503725298,True,293,426
overnight_mom_126,63,-0.001413218503763285,-0.2614411268798639,10.854919199910887,False,293,426
intraday_mom_21,63,0.015265073981293516,2.695431091324421,3.898415745747118,False,293,426
overnight_mom_21,63,0.0027107234912644037,0.5626379461468718,7.886777843330554,False,293,426
prox_52w,63,0.0643011961758317,7.555002981850145,5.27712865904881,True,293,426
prox_52w_now,63,0.06473885322991631,7.681421405447645,5.8013580599174785,True,293,426
dist_low_52w,63,0.05332287742545599,8.589075583389107,9.846146118125837,False,293,426
rev_1w,63,0.005026085198504337,0.9860762606541356,2.026203963151582,False,293,426
rev_2w,63,0.011828336877527008,2.2591604541900026,2.553548081679578,False,293,426
rev_1m_scaled,63,0.019418375256806404,3.899331854883354,3.787848300509993,True,293,426
max5_21,63,-0.004834241206449669,-0.6999642149308083,7.924605115277199,False,293,426
min5_21,63,0.021603719043571595,2.639667155423749,7.871123059081856,False,293,426
beta_126,63,0.027119754237071084,3.3394303856051266,8.800497143047798,False,257,391
beta_252,63,0.040559991516690035,5.317326407557366,7.822331661578955,False,221,355
beta_down,63,0.016958005790885397,2.002237506892028,7.401883647510088,False,260,394
idio_vol_126,63,0.005981850507451272,0.6340136363438006,11.391984056064842,False,239,373
idio_skew_126,63,-0.009347025722474181,-1.8886357359357404,10.594808930113013,False,239,373
ret_skew_126,63,-0.0062628734303228455,-1.580602609646985,9.220684313660001,False,293,426
ret_kurt_126,63,-0.03450859748361512,-9.9517594654052,7.765761897454605,True,293,426
resid_mom_252_21,63,0.035631102758254894,6.742519282167095,30.13852818482468,False,221,355
resid_mom_126_21,63,-0.0077064459362001176,-1.128538073652267,6.23459474453605,False,239,373
resid_rev_21,63,-0.00024900465934682783,-0.049467225929173,3.6942289408803757,False,239,373
downside_vol_60,63,-0.028927865691408004,-3.454252963224406,9.277075654884626,False,293,426
max_dd_120,63,0.0502742514102399,5.029425321774075,6.0819098592263785,False,293,426
ulcer_120,63,-0.055948084607426,-5.7983622032598,6.044622848177087,False,293,426
max_dd_252,63,0.03763141119659787,3.858927438053581,12.807659428185236,False,293,426
ulcer_252,63,-0.04278548844761228,-4.45838234320887,14.13413336366412,False,293,426
parkinson_60,63,-0.013068102475035643,-1.4089770898997878,10.772258377705116,False,293,426
garman_klass_60,63,-0.010833341943138921,-1.197302098232485,10.991256447071379,False,293,426
atr_pct_14,63,-0.006163426076599579,-0.7303139433788695,10.06191265695788,False,293,426
log_adtv_60,63,-0.0286677137241661,-5.516194506609809,10.665010890732226,False,293,426
turnover_trend,63,0.009752022386707606,2.236455899510366,4.816104926154146,False,293,426
amihud_60,63,0.024984262712925514,4.424561422335224,11.116048257811745,False,293,426
amihud_trend,63,-0.01178918386339764,-2.2772395629230284,6.220224144991311,False,293,426
zero_ret_60,63,0.018425850543955968,4.1812213291646865,10.129197635122061,False,293,426
avg_trade_size,63,-0.013943569402180186,-2.3091326790784614,10.76351854267061,False,293,426
volume_shock_5,63,0.011540266418021881,2.7122890530996067,3.642362867403996,False,293,426
vol_of_turnover,63,-0.0018800286506881548,-0.41038592583465316,11.461825200092736,False,293,426
cs_spread_60,63,0.0075047995775740445,1.0681202142404944,11.536434080417488,False,293,426
deliv_pct_60,63,0.02583085577324789,3.7752558087795434,6.036600658388349,False,244,378
deliv_trend,63,0.011823203195671771,3.0496701788320437,5.4040834792353305,False,235,369
deliv_z_21,63,0.027684649861391138,6.931802505920313,6.553010251671772,True,222,356
deliv_chg_5,63,0.008006288360465613,2.077319656377955,3.6687244275347113,False,244,378
deliv_x_turnover,63,0.018336657636929685,2.671241151008218,6.298412579748618,False,244,378
deliv_value_trend,63,0.005901836522629033,1.2143011801381307,5.371131334211564,False,235,369
dist_50dma,63,0.02789866088788913,4.71927363382738,4.141258385621009,True,293,426
dist_200dma,63,0.061080183094090204,7.965966027467429,7.310590449652461,True,293,426
ma_50_200,63,0.06227435454612181,7.940617585236161,8.4001508203705,False,293,426
price_vs_vwap_20,63,0.014588696248561654,2.6217733306966204,3.089261401497474,False,293,426
rsi_14,63,0.015416832739397555,3.248933988311234,2.874766683840678,True,293,426
trend_r2_120,63,0.022102665645175178,4.740873833252456,7.18124718764863,False,293,426
trend_slope_120,63,0.05051992301323214,7.5911716260702695,7.157438189353222,True,293,426
seasonal_same_month,63,-0.00404852667508399,-0.7023143237455365,21.367134614265385,False,293,426
